Applying Prisma migrations...
Prisma schema loaded from prisma/schema.prisma
Datasource "db": PostgreSQL database "hospital_scheduling", schema "public" at "postgres:5432"

27 migrations found in prisma/migrations

Applying migration `20260425171719_init`
Applying migration `20260513163034_add_staff`
Applying migration `20260526154446_add_resource_pools`
Applying migration `20260526155516_add_renewable_resource_pools`
Applying migration `20260526160856_add_detailed_unit_fields`
Applying migration `20260529172846_add_non_renewable_resources`
Applying migration `20260529180216_add_operation_types_phase_resources`
Applying migration `20260602180000_add_contract_id`
Applying migration `20260617152611_add_missing_tables`
Applying migration `20260627070610_add_resource_type_catalog`
Applying migration `20260627170912_add_surgeries`
Applying migration `20260627175711_add_surgery_department`
Applying migration `20260628072527_add_department_status`
Applying migration `20260628081303_add_catalog_status`
Applying migration `20260628092032_add_global_settings_schedule_date`
Applying migration `20260630182024_add_surgery_status`
Applying migration `20260701171906_add_renewable_pool_weekly_template`
Applying migration `20260702173126_update_surgery_statuses`
Applying migration `20260702182856_add_pool_reservations`
Applying migration `20260702191447_add_surgery_status_catalog`
Applying migration `20260710000000_rename_business_hours_to_operation_hours`
Applying migration `20260711000000_add_pool_resources`
Applying migration `20260711_add_pool_resource_reservations`
Applying migration `20260712_add_resource_unit_reservations`
Applying migration `20260716000000_add_phase_resource_roles`
Applying migration `20260722000000_add_surgery_plan_results`
Applying migration `20260801165654_add_leave_types`

The following migration(s) have been applied:

migrations/
  └─ 20260425171719_init/
    └─ migration.sql
  └─ 20260513163034_add_staff/
    └─ migration.sql
  └─ 20260526154446_add_resource_pools/
    └─ migration.sql
  └─ 20260526155516_add_renewable_resource_pools/
    └─ migration.sql
  └─ 20260526160856_add_detailed_unit_fields/
    └─ migration.sql
  └─ 20260529172846_add_non_renewable_resources/
    └─ migration.sql
  └─ 20260529180216_add_operation_types_phase_resources/
    └─ migration.sql
  └─ 20260602180000_add_contract_id/
    └─ migration.sql
  └─ 20260617152611_add_missing_tables/
    └─ migration.sql
  └─ 20260627070610_add_resource_type_catalog/
    └─ migration.sql
  └─ 20260627170912_add_surgeries/
    └─ migration.sql
  └─ 20260627175711_add_surgery_department/
    └─ migration.sql
  └─ 20260628072527_add_department_status/
    └─ migration.sql
  └─ 20260628081303_add_catalog_status/
    └─ migration.sql
  └─ 20260628092032_add_global_settings_schedule_date/
    └─ migration.sql
  └─ 20260630182024_add_surgery_status/
    └─ migration.sql
  └─ 20260701171906_add_renewable_pool_weekly_template/
    └─ migration.sql
  └─ 20260702173126_update_surgery_statuses/
    └─ migration.sql
  └─ 20260702182856_add_pool_reservations/
    └─ migration.sql
  └─ 20260702191447_add_surgery_status_catalog/
    └─ migration.sql
  └─ 20260710000000_rename_business_hours_to_operation_hours/
    └─ migration.sql
  └─ 20260711000000_add_pool_resources/
    └─ migration.sql
  └─ 20260711_add_pool_resource_reservations/
    └─ migration.sql
  └─ 20260712_add_resource_unit_reservations/
    └─ migration.sql
  └─ 20260716000000_add_phase_resource_roles/
    └─ migration.sql
  └─ 20260722000000_add_surgery_plan_results/
    └─ migration.sql
  └─ 20260801165654_add_leave_types/
    └─ migration.sql
      
All migrations have been successfully applied.
Seeding database from db-starter-seed...
PrismaClientKnownRequestError: 
Invalid `prisma.staff.upsert()` invocation:


Unique constraint failed on the fields: (`id`)
    at $n.handleRequestError (/app/node_modules/@prisma/client/runtime/library.js:121:7315)
    at $n.handleAndLogRequestError (/app/node_modules/@prisma/client/runtime/library.js:121:6623)
    at $n.request (/app/node_modules/@prisma/client/runtime/library.js:121:6307)
    at async l (/app/node_modules/@prisma/client/runtime/library.js:130:9633) {
  code: 'P2002',
  clientVersion: '5.22.0',
  meta: { modelName: 'Staff', target: [ 'id' ] }
}
Applying Prisma migrations...
Prisma schema loaded from prisma/schema.prisma
Datasource "db": PostgreSQL database "hospital_scheduling", schema "public" at "postgres:5432"

27 migrations found in prisma/migrations


No pending migrations to apply.
Seeding database from db-starter-seed...
PrismaClientKnownRequestError: 
Invalid `prisma.staff.upsert()` invocation:


Unique constraint failed on the fields: (`id`)
    at $n.handleRequestError (/app/node_modules/@prisma/client/runtime/library.js:121:7315)
    at $n.handleAndLogRequestError (/app/node_modules/@prisma/client/runtime/library.js:121:6623)
    at $n.request (/app/node_modules/@prisma/client/runtime/library.js:121:6307)
    at async l (/app/node_modules/@prisma/client/runtime/library.js:130:9633) {
  code: 'P2002',
  clientVersion: '5.22.0',
  meta: { modelName: 'Staff', target: [ 'id' ] }
}
Applying Prisma migrations...
Prisma schema loaded from prisma/schema.prisma
Datasource "db": PostgreSQL database "hospital_scheduling", schema "public" at "postgres:5432"

27 migrations found in prisma/migrations


No pending migrations to apply.
Seeding database from db-starter-seed...
PrismaClientKnownRequestError: 
Invalid `prisma.staff.upsert()` invocation:


Unique constraint failed on the fields: (`id`)
    at $n.handleRequestError (/app/node_modules/@prisma/client/runtime/library.js:121:7315)
    at $n.handleAndLogRequestError (/app/node_modules/@prisma/client/runtime/library.js:121:6623)
    at $n.request (/app/node_modules/@prisma/client/runtime/library.js:121:6307)
    at async l (/app/node_modules/@prisma/client/runtime/library.js:130:9633) {
  code: 'P2002',
  clientVersion: '5.22.0',
  meta: { modelName: 'Staff', target: [ 'id' ] }
}
Applying Prisma migrations...
Prisma schema loaded from prisma/schema.prisma
Datasource "db": PostgreSQL database "hospital_scheduling", schema "public" at "postgres:5432"

27 migrations found in prisma/migrations


No pending migrations to apply.
Seeding database from db-starter-seed...
db-starter-seed: current database snapshot upserted
Starting API server...
{"level":"info","message":"Server running on http://0.0.0.0:3000","timestamp":"2026-09-27T11:18:26.817Z"}
{"level":"info","message":"Swagger docs available at http://0.0.0.0:3000/api-docs","timestamp":"2026-09-27T11:18:26.819Z"}
{"level":"info","message":"Rostering scheduler started (daily check at 00:10 UTC against GlobalSettings.schedule_date)","timestamp":"2026-09-27T11:18:26.857Z"}
{"level":"info","message":"Planning auto-trigger started (checks every 10s; next run only starts after current run gives a result)","timestamp":"2026-09-27T11:18:26.857Z"}
{"level":"info","message":"Rostering auto-trigger started (checks every 10s)","timestamp":"2026-09-27T11:18:26.857Z"}
{"level":"info","message":"Auto-triggering surgery planning for organization 1 (1 pending change(s))","timestamp":"2026-09-27T11:19:16.858Z"}
{"level":"info","message":"Preparing surgery planning payloads","timestamp":"2026-09-27T11:19:16.859Z"}
{"level":"info","message":"Auto-triggering rostering for organization 1 (1 pending change(s))","timestamp":"2026-09-27T11:19:16.860Z"}
{"level":"info","message":"Collected existing staff by normalized weekly_template role","roleToStaffIds":{"Surgeon":["STAFF-DS-0003"]},"timestamp":"2026-09-27T11:19:16.883Z"}
{"level":"info","message":"Created surgery planning process 70b19d5c-37a9-4f73-ae47-89e01c0977b9","timestamp":"2026-09-27T11:19:16.884Z"}
{"level":"info","message":"Phase 1: feasibility check for 1 department(s)","timestamp":"2026-09-27T11:19:16.884Z"}
{"level":"debug","message":"Raw payloads","payloads":[{"department":"Surgery","execution_datetime":"2026-09-27T11:19","horizon":3,"operation_end":"18:00","operation_start":"08:00","resolution":15,"resources":[{"availability":{"members":{"STAFF-0300":{"2026-09-27":{"shift":[]},"2026-09-28":{"shift":[]},"2026-09-29":{"shift":[]},"2026-09-30":{"shift":[]},"2026-10-01":{"shift":["OH"]},"2026-10-02":{"shift":["OH"]},"2026-10-03":{"shift":["OH"]}},"STAFF-0301":{"2026-09-27":{"shift":[]},"2026-09-28":{"shift":[]},"2026-09-29":{"shift":[]},"2026-09-30":{"shift":[]},"2026-10-01":{"shift":["OH"]},"2026-10-02":{"shift":["OH"]},"2026-10-03":{"shift":["OH"]}},"STAFF-0302":{"2026-09-27":{"shift":[]},"2026-09-28":{"shift":[]},"2026-09-29":{"shift":[]},"2026-09-30":{"shift":[]},"2026-10-01":{"shift":["OH"]},"2026-10-02":{"shift":["OH"]},"2026-10-03":{"shift":["OH"]}},"STAFF-0303":{"2026-09-27":{"shift":[]},"2026-09-28":{"shift":[]},"2026-09-29":{"shift":[]},"2026-09-30":{"shift":[]},"2026-10-01":{"shift":["OH"]},"2026-10-02":{"shift":["OH"]},"2026-10-03":{"shift":["OH"]}},"STAFF-0304":{"2026-09-27":{"shift":[]},"2026-09-28":{"shift":[]},"2026-09-29":{"shift":[]},"2026-09-30":{"shift":[]},"2026-10-01":{"shift":["OH"]},"2026-10-02":{"shift":["OH"]},"2026-10-03":{"shift":["OH"]}},"STAFF-0305":{"2026-09-27":{"shift":[]},"2026-09-28":{"shift":[]},"2026-09-29":{"shift":[]},"2026-09-30":{"shift":[]},"2026-10-01":{"shift":["OH"]},"2026-10-02":{"shift":["OH"]},"2026-10-03":{"shift":["OH"]}},"STAFF-0306":{"2026-09-27":{"shift":[]},"2026-09-28":{"shift":[]},"2026-09-29":{"shift":[]},"2026-09-30":{"shift":[]},"2026-10-01":{"shift":["OH"]},"2026-10-02":{"shift":["OH"]},"2026-10-03":{"shift":["OH"]}},"STAFF-0307":{"2026-09-27":{"shift":[]},"2026-09-28":{"shift":[]},"2026-09-29":{"shift":[]},"2026-09-30":{"shift":[]},"2026-10-01":{"shift":["OH"]},"2026-10-02":{"shift":["OH"]},"2026-10-03":{"shift":["OH"]}},"STAFF-0308":{"2026-09-27":{"shift":[]},"2026-09-28":{"shift":[]},"2026-09-29":{"shift":[]},"2026-09-30":{"shift":[]},"2026-10-01":{"shift":["OH"]},"2026-10-02":{"shift":["OH"]},"2026-10-03":{"shift":["OH"]}},"STAFF-0309":{"2026-09-27":{"shift":[]},"2026-09-28":{"shift":[]},"2026-09-29":{"shift":[]},"2026-09-30":{"shift":[]},"2026-10-01":{"shift":["OH"]},"2026-10-02":{"shift":["OH"]},"2026-10-03":{"shift":["OH"]}},"STAFF-0310":{"2026-09-27":{"shift":[]},"2026-09-28":{"shift":[]},"2026-09-29":{"shift":[]},"2026-09-30":{"shift":[]},"2026-10-01":{"shift":["OH"]},"2026-10-02":{"shift":["OH"]},"2026-10-03":{"shift":["OH"]}},"STAFF-0311":{"2026-09-27":{"shift":[]},"2026-09-28":{"shift":[]},"2026-09-29":{"shift":[]},"2026-09-30":{"shift":[]},"2026-10-01":{"shift":["OH"]},"2026-10-02":{"shift":["OH"]},"2026-10-03":{"shift":["OH"]}},"STAFF-0312":{"2026-09-27":{"shift":[]},"2026-09-28":{"shift":[]},"2026-09-29":{"shift":[]},"2026-09-30":{"shift":[]},"2026-10-01":{"shift":["OH"]},"2026-10-02":{"shift":["OH"]},"2026-10-03":{"shift":["OH"]}},"STAFF-NA-0001":{"2026-09-27":{"shift":[]},"2026-09-28":{"shift":["E"]},"2026-09-29":{"shift":["N"]},"2026-09-30":{"shift":["N"]},"2026-10-01":{"shift":["OH"]},"2026-10-02":{"shift":["OH"]},"2026-10-03":{"shift":["OH"]}},"STAFF-NB-0002":{"2026-09-27":{"shift":["D"]},"2026-09-28":{"shift":[]},"2026-09-29":{"shift":["E"]},"2026-09-30":{"shift":["D"]},"2026-10-01":{"shift":["OH"]},"2026-10-02":{"shift":["OH"]},"2026-10-03":{"shift":["OH"]}}}},"id":"OR-NUR-0001","reservations":[],"resource_type":"pool","role":"OR Nurse"},{"availability":{"members":{"STAFF-0002":{"2026-09-27":{"shift":[]},"2026-09-28":{"shift":["D"]},"2026-09-29":{"shift":[]},"2026-09-30":{"shift":["D"]},"2026-10-01":{"shift":["OH"]},"2026-10-02":{"shift":["OH"]},"2026-10-03":{"shift":["OH"]}},"STAFF-0003":{"2026-09-27":{"shift":["E"]},"2026-09-28":{"shift":["D"]},"2026-09-29":{"shift":["D"]},"2026-09-30":{"shift":[]},"2026-10-01":{"shift":["OH"]},"2026-10-02":{"shift":["OH"]},"2026-10-03":{"shift":["OH"]}},"STAFF-0004":{"2026-09-27":{"shift":["L"]},"2026-09-28":{"shift":["L"]},"2026-09-29":{"shift":["L"]},"2026-09-30":{"shift":["L"]},"2026-10-01":{"shift":["OH"]},"2026-10-02":{"shift":["OH"]},"2026-10-03":{"shift":["OH"]}},"STAFF-0005":{"2026-09-27":{"shift":[]},"2026-09-28":{"shift":[]},"2026-09-29":{"shift":[]},"2026-09-30":{"shift":["E"]},"2026-10-01":{"shift":["OH"]},"2026-10-02":{"shift":["OH"]},"2026-10-03":{"shift":["OH"]}},"STAFF-0006":{"2026-09-27":{"shift":[]},"2026-09-28":{"shift":["E"]},"2026-09-29":{"shift":["E"]},"2026-09-30":{"shift":[]},"2026-10-01":{"shift":["OH"]},"2026-10-02":{"shift":["OH"]},"2026-10-03":{"shift":["OH"]}},"STAFF-0007":{"2026-09-27":{"shift":["N"]},"2026-09-28":{"shift":[]},"2026-09-29":{"shift":["E"]},"2026-09-30":{"shift":["D"]},"2026-10-01":{"shift":["OH"]},"2026-10-02":{"shift":["OH"]},"2026-10-03":{"shift":["OH"]}},"STAFF-0008":{"2026-09-27":{"shift":[]},"2026-09-28":{"shift":["N"]},"2026-09-29":{"shift":["N"]},"2026-09-30":{"shift":["N"]},"2026-10-01":{"shift":["OH"]},"2026-10-02":{"shift":["OH"]},"2026-10-03":{"shift":["OH"]}},"STAFF-0009":{"2026-09-27":{"shift":["D"]},"2026-09-28":{"shift":["L"]},"2026-09-29":{"shift":["L"]},"2026-09-30":{"shift":[]},"2026-10-01":{"shift":["OH"]},"2026-10-02":{"shift":["OH"]},"2026-10-03":{"shift":["OH"]}},"STAFF-0010":{"2026-09-27":{"shift":[]},"2026-09-28":{"shift":["E"]},"2026-09-29":{"shift":["D"]},"2026-09-30":{"shift":["E"]},"2026-10-01":{"shift":["OH"]},"2026-10-02":{"shift":["OH"]},"2026-10-03":{"shift":["OH"]}}}},"id":"CHR-NUR-0001","reservations":[],"resource_type":"pool","role":"Charge Nurse"},{"availability":{"members":{"STAFF-0001":{"2026-09-27":{"shift":["OH"]},"2026-09-28":{"shift":["D"]},"2026-09-29":{"shift":["D"]},"2026-09-30":{"shift":["D"]},"2026-10-01":{"shift":["OH"]},"2026-10-02":{"shift":["OH"]},"2026-10-03":{"shift":["OH"]}},"STAFF-0002":{"2026-09-27":{"shift":["OH"]},"2026-09-28":{"shift":[]},"2026-09-29":{"shift":["D"]},"2026-09-30":{"shift":[]},"2026-10-01":{"shift":["OH"]},"2026-10-02":{"shift":["OH"]},"2026-10-03":{"shift":["OH"]}},"STAFF-0003":{"2026-09-27":{"shift":["OH"]},"2026-09-28":{"shift":[]},"2026-09-29":{"shift":[]},"2026-09-30":{"shift":[]},"2026-10-01":{"shift":["OH"]},"2026-10-02":{"shift":["OH"]},"2026-10-03":{"shift":["OH"]}},"STAFF-0004":{"2026-09-27":{"shift":["OH"]},"2026-09-28":{"shift":[]},"2026-09-29":{"shift":[]},"2026-09-30":{"shift":[]},"2026-10-01":{"shift":["OH"]},"2026-10-02":{"shift":["OH"]},"2026-10-03":{"shift":["OH"]}},"STAFF-0005":{"2026-09-27":{"shift":["OH"]},"2026-09-28":{"shift":["D"]},"2026-09-29":{"shift":["D"]},"2026-09-30":{"shift":[]},"2026-10-01":{"shift":["OH"]},"2026-10-02":{"shift":["OH"]},"2026-10-03":{"shift":["OH"]}},"STAFF-0006":{"2026-09-27":{"shift":["OH"]},"2026-09-28":{"shift":[]},"2026-09-29":{"shift":[]},"2026-09-30":{"shift":["D"]},"2026-10-01":{"shift":["OH"]},"2026-10-02":{"shift":["OH"]},"2026-10-03":{"shift":["OH"]}},"STAFF-0007":{"2026-09-27":{"shift":["OH"]},"2026-09-28":{"shift":[]},"2026-09-29":{"shift":[]},"2026-09-30":{"shift":[]},"2026-10-01":{"shift":["OH"]},"2026-10-02":{"shift":["OH"]},"2026-10-03":{"shift":["OH"]}},"STAFF-0008":{"2026-09-27":{"shift":["OH"]},"2026-09-28":{"shift":[]},"2026-09-29":{"shift":[]},"2026-09-30":{"shift":[]},"2026-10-01":{"shift":["OH"]},"2026-10-02":{"shift":["OH"]},"2026-10-03":{"shift":["OH"]}},"STAFF-0009":{"2026-09-27":{"shift":["OH"]},"2026-09-28":{"shift":[]},"2026-09-29":{"shift":[]},"2026-09-30":{"shift":[]},"2026-10-01":{"shift":["OH"]},"2026-10-02":{"shift":["OH"]},"2026-10-03":{"shift":["OH"]}},"STAFF-0010":{"2026-09-27":{"shift":["OH"]},"2026-09-28":{"shift":[]},"2026-09-29":{"shift":[]},"2026-09-30":{"shift":[]},"2026-10-01":{"shift":["OH"]},"2026-10-02":{"shift":["OH"]},"2026-10-03":{"shift":["OH"]}}}},"id":"SEN-NUR-0001","reservations":[],"resource_type":"pool","role":"Senior Staff Nurse"},{"availability":{"members":{"STAFF-0200":{"2026-09-27":{"shift":["OH"]},"2026-09-28":{"shift":["OH"]},"2026-09-29":{"shift":["OH"]},"2026-09-30":{"shift":["OH"]},"2026-10-01":{"shift":["OH"]},"2026-10-02":{"shift":["OH"]},"2026-10-03":{"shift":["OH"]}},"STAFF-0201":{"2026-09-27":{"shift":["OH"]},"2026-09-28":{"shift":["OH"]},"2026-09-29":{"shift":["OH"]},"2026-09-30":{"shift":["OH"]},"2026-10-01":{"shift":["OH"]},"2026-10-02":{"shift":["OH"]},"2026-10-03":{"shift":["OH"]}},"STAFF-0202":{"2026-09-27":{"shift":["OH"]},"2026-09-28":{"shift":["OH"]},"2026-09-29":{"shift":["OH"]},"2026-09-30":{"shift":["OH"]},"2026-10-01":{"shift":["OH"]},"2026-10-02":{"shift":["OH"]},"2026-10-03":{"shift":["OH"]}},"STAFF-0203":{"2026-09-27":{"shift":["OH"]},"2026-09-28":{"shift":["OH"]},"2026-09-29":{"shift":["OH"]},"2026-09-30":{"shift":["OH"]},"2026-10-01":{"shift":["OH"]},"2026-10-02":{"shift":["OH"]},"2026-10-03":{"shift":["OH"]}},"STAFF-0204":{"2026-09-27":{"shift":["OH"]},"2026-09-28":{"shift":["OH"]},"2026-09-29":{"shift":["OH"]},"2026-09-30":{"shift":["OH"]},"2026-10-01":{"shift":["OH"]},"2026-10-02":{"shift":["OH"]},"2026-10-03":{"shift":["OH"]}},"STAFF-0205":{"2026-09-27":{"shift":["OH"]},"2026-09-28":{"shift":["OH"]},"2026-09-29":{"shift":["OH"]},"2026-09-30":{"shift":["OH"]},"2026-10-01":{"shift":["OH"]},"2026-10-02":{"shift":["OH"]},"2026-10-03":{"shift":["OH"]}},"STAFF-0206":{"2026-09-27":{"shift":["OH"]},"2026-09-28":{"shift":["OH"]},"2026-09-29":{"shift":["OH"]},"2026-09-30":{"shift":["OH"]},"2026-10-01":{"shift":["OH"]},"2026-10-02":{"shift":["OH"]},"2026-10-03":{"shift":["OH"]}},"STAFF-0207":{"2026-09-27":{"shift":["OH"]},"2026-09-28":{"shift":["OH"]},"2026-09-29":{"shift":["OH"]},"2026-09-30":{"shift":["OH"]},"2026-10-01":{"shift":["OH"]},"2026-10-02":{"shift":["OH"]},"2026-10-03":{"shift":["OH"]}},"STAFF-0208":{"2026-09-27":{"shift":["OH"]},"2026-09-28":{"shift":["OH"]},"2026-09-29":{"shift":["OH"]},"2026-09-30":{"shift":["OH"]},"2026-10-01":{"shift":["OH"]},"2026-10-02":{"shift":["OH"]},"2026-10-03":{"shift":["OH"]}},"STAFF-0209":{"2026-09-27":{"shift":["OH"]},"2026-09-28":{"shift":["OH"]},"2026-09-29":{"shift":["OH"]},"2026-09-30":{"shift":["OH"]},"2026-10-01":{"shift":["OH"]},"2026-10-02":{"shift":["OH"]},"2026-10-03":{"shift":["OH"]}},"STAFF-0210":{"2026-09-27":{"shift":["OH"]},"2026-09-28":{"shift":["OH"]},"2026-09-29":{"shift":["OH"]},"2026-09-30":{"shift":["OH"]},"2026-10-01":{"shift":["OH"]},"2026-10-02":{"shift":["OH"]},"2026-10-03":{"shift":["OH"]}},"STAFF-0212":{"2026-09-27":{"shift":["OH"]},"2026-09-28":{"shift":["OH"]},"2026-09-29":{"shift":["OH"]},"2026-09-30":{"shift":["OH"]},"2026-10-01":{"shift":["OH"]},"2026-10-02":{"shift":["OH"]},"2026-10-03":{"shift":["OH"]}}}},"id":"ENV-POOL-0001","reservations":[],"resource_type":"pool","role":"Environmental Services Worker"},{"availability":{"members":{"STAFF-0300":{"2026-09-27":{"shift":["OH"]},"2026-09-28":{"shift":["OH"]},"2026-09-29":{"shift":["OH"]},"2026-09-30":{"shift":["OH"]},"2026-10-01":{"shift":["OH"]},"2026-10-02":{"shift":["OH"]},"2026-10-03":{"shift":["OH"]}},"STAFF-0301":{"2026-09-27":{"shift":["OH"]},"2026-09-28":{"shift":["OH"]},"2026-09-29":{"shift":["OH"]},"2026-09-30":{"shift":["OH"]},"2026-10-01":{"shift":["OH"]},"2026-10-02":{"shift":["OH"]},"2026-10-03":{"shift":["OH"]}},"STAFF-0302":{"2026-09-27":{"shift":["OH"]},"2026-09-28":{"shift":["OH"]},"2026-09-29":{"shift":["OH"]},"2026-09-30":{"shift":["OH"]},"2026-10-01":{"shift":["OH"]},"2026-10-02":{"shift":["OH"]},"2026-10-03":{"shift":["OH"]}},"STAFF-0303":{"2026-09-27":{"shift":["OH"]},"2026-09-28":{"shift":["OH"]},"2026-09-29":{"shift":["OH"]},"2026-09-30":{"shift":["OH"]},"2026-10-01":{"shift":["OH"]},"2026-10-02":{"shift":["OH"]},"2026-10-03":{"shift":["OH"]}},"STAFF-0304":{"2026-09-27":{"shift":["OH"]},"2026-09-28":{"shift":["OH"]},"2026-09-29":{"shift":["OH"]},"2026-09-30":{"shift":["OH"]},"2026-10-01":{"shift":["OH"]},"2026-10-02":{"shift":["OH"]},"2026-10-03":{"shift":["OH"]}},"STAFF-0305":{"2026-09-27":{"shift":["OH"]},"2026-09-28":{"shift":["OH"]},"2026-09-29":{"shift":["OH"]},"2026-09-30":{"shift":["OH"]},"2026-10-01":{"shift":["OH"]},"2026-10-02":{"shift":["OH"]},"2026-10-03":{"shift":["OH"]}},"STAFF-0306":{"2026-09-27":{"shift":["OH"]},"2026-09-28":{"shift":["OH"]},"2026-09-29":{"shift":["OH"]},"2026-09-30":{"shift":["OH"]},"2026-10-01":{"shift":["OH"]},"2026-10-02":{"shift":["OH"]},"2026-10-03":{"shift":["OH"]}},"STAFF-0307":{"2026-09-27":{"shift":["OH"]},"2026-09-28":{"shift":["OH"]},"2026-09-29":{"shift":["OH"]},"2026-09-30":{"shift":["OH"]},"2026-10-01":{"shift":["OH"]},"2026-10-02":{"shift":["OH"]},"2026-10-03":{"shift":["OH"]}},"STAFF-0308":{"2026-09-27":{"shift":["OH"]},"2026-09-28":{"shift":["OH"]},"2026-09-29":{"shift":["OH"]},"2026-09-30":{"shift":["OH"]},"2026-10-01":{"shift":["OH"]},"2026-10-02":{"shift":["OH"]},"2026-10-03":{"shift":["OH"]}},"STAFF-0309":{"2026-09-27":{"shift":["OH"]},"2026-09-28":{"shift":["OH"]},"2026-09-29":{"shift":["OH"]},"2026-09-30":{"shift":["OH"]},"2026-10-01":{"shift":["OH"]},"2026-10-02":{"shift":["OH"]},"2026-10-03":{"shift":["OH"]}},"STAFF-0310":{"2026-09-27":{"shift":["OH"]},"2026-09-28":{"shift":["OH"]},"2026-09-29":{"shift":["OH"]},"2026-09-30":{"shift":["OH"]},"2026-10-01":{"shift":["OH"]},"2026-10-02":{"shift":["OH"]},"2026-10-03":{"shift":["OH"]}},"STAFF-0311":{"2026-09-27":{"shift":["OH"]},"2026-09-28":{"shift":["OH"]},"2026-09-29":{"shift":["OH"]},"2026-09-30":{"shift":["OH"]},"2026-10-01":{"shift":["OH"]},"2026-10-02":{"shift":["OH"]},"2026-10-03":{"shift":["OH"]}},"STAFF-0312":{"2026-09-27":{"shift":["OH"]},"2026-09-28":{"shift":["OH"]},"2026-09-29":{"shift":["OH"]},"2026-09-30":{"shift":["OH"]},"2026-10-01":{"shift":["OH"]},"2026-10-02":{"shift":["OH"]},"2026-10-03":{"shift":["OH"]}}}},"id":"SCRUB-NUR-0001","reservations":[],"resource_type":"pool","role":"Scrub Nurse"},{"availability":{"members":{"STAFF-0100":{"2026-09-27":{"shift":["OH"]},"2026-09-28":{"shift":["OH"]},"2026-09-29":{"shift":["OH"]},"2026-09-30":{"shift":["OH"]},"2026-10-01":{"shift":["OH"]},"2026-10-02":{"shift":["OH"]},"2026-10-03":{"shift":["OH"]}},"STAFF-0101":{"2026-09-27":{"shift":["OH"]},"2026-09-28":{"shift":["OH"]},"2026-09-29":{"shift":["OH"]},"2026-09-30":{"shift":["OH"]},"2026-10-01":{"shift":["OH"]},"2026-10-02":{"shift":["OH"]},"2026-10-03":{"shift":["OH"]}},"STAFF-0102":{"2026-09-27":{"shift":["OH"]},"2026-09-28":{"shift":["OH"]},"2026-09-29":{"shift":["OH"]},"2026-09-30":{"shift":["OH"]},"2026-10-01":{"shift":["OH"]},"2026-10-02":{"shift":["OH"]},"2026-10-03":{"shift":["OH"]}},"STAFF-0103":{"2026-09-27":{"shift":["OH"]},"2026-09-28":{"shift":["OH"]},"2026-09-29":{"shift":["OH"]},"2026-09-30":{"shift":["OH"]},"2026-10-01":{"shift":["OH"]},"2026-10-02":{"shift":["OH"]},"2026-10-03":{"shift":["OH"]}},"STAFF-0104":{"2026-09-27":{"shift":["OH"]},"2026-09-28":{"shift":["OH"]},"2026-09-29":{"shift":["OH"]},"2026-09-30":{"shift":["OH"]},"2026-10-01":{"shift":["OH"]},"2026-10-02":{"shift":["OH"]},"2026-10-03":{"shift":["OH"]}},"STAFF-0105":{"2026-09-27":{"shift":["OH"]},"2026-09-28":{"shift":["OH"]},"2026-09-29":{"shift":["OH"]},"2026-09-30":{"shift":["OH"]},"2026-10-01":{"shift":["OH"]},"2026-10-02":{"shift":["OH"]},"2026-10-03":{"shift":["OH"]}},"STAFF-0106":{"2026-09-27":{"shift":["OH"]},"2026-09-28":{"shift":["OH"]},"2026-09-29":{"shift":["OH"]},"2026-09-30":{"shift":["OH"]},"2026-10-01":{"shift":["OH"]},"2026-10-02":{"shift":["OH"]},"2026-10-03":{"shift":["OH"]}},"STAFF-0107":{"2026-09-27":{"shift":["OH"]},"2026-09-28":{"shift":["OH"]},"2026-09-29":{"shift":["OH"]},"2026-09-30":{"shift":["OH"]},"2026-10-01":{"shift":["OH"]},"2026-10-02":{"shift":["OH"]},"2026-10-03":{"shift":["OH"]}},"STAFF-0108":{"2026-09-27":{"shift":["OH"]},"2026-09-28":{"shift":["OH"]},"2026-09-29":{"shift":["OH"]},"2026-09-30":{"shift":["OH"]},"2026-10-01":{"shift":["OH"]},"2026-10-02":{"shift":["OH"]},"2026-10-03":{"shift":["OH"]}}}},"id":"ANES-POOL-0001","reservations":[],"resource_type":"pool","role":"Anesthesiologist"},{"availability":{"members":{"STAFF-0100":{"2026-09-27":{"shift":["OH"]},"2026-09-28":{"shift":["OH"]},"2026-09-29":{"shift":["OH"]},"2026-09-30":{"shift":["OH"]},"2026-10-01":{"shift":["OH"]},"2026-10-02":{"shift":["OH"]},"2026-10-03":{"shift":["OH"]}},"STAFF-0101":{"2026-09-27":{"shift":["OH"]},"2026-09-28":{"shift":["OH"]},"2026-09-29":{"shift":["OH"]},"2026-09-30":{"shift":["OH"]},"2026-10-01":{"shift":["OH"]},"2026-10-02":{"shift":["OH"]},"2026-10-03":{"shift":["OH"]}},"STAFF-0102":{"2026-09-27":{"shift":["OH"]},"2026-09-28":{"shift":["OH"]},"2026-09-29":{"shift":["OH"]},"2026-09-30":{"shift":["OH"]},"2026-10-01":{"shift":["OH"]},"2026-10-02":{"shift":["OH"]},"2026-10-03":{"shift":["OH"]}},"STAFF-0103":{"2026-09-27":{"shift":["OH"]},"2026-09-28":{"shift":["OH"]},"2026-09-29":{"shift":["OH"]},"2026-09-30":{"shift":["OH"]},"2026-10-01":{"shift":["OH"]},"2026-10-02":{"shift":["OH"]},"2026-10-03":{"shift":["OH"]}},"STAFF-0104":{"2026-09-27":{"shift":["OH"]},"2026-09-28":{"shift":["OH"]},"2026-09-29":{"shift":["OH"]},"2026-09-30":{"shift":["OH"]},"2026-10-01":{"shift":["OH"]},"2026-10-02":{"shift":["OH"]},"2026-10-03":{"shift":["OH"]}},"STAFF-0105":{"2026-09-27":{"shift":["OH"]},"2026-09-28":{"shift":["OH"]},"2026-09-29":{"shift":["OH"]},"2026-09-30":{"shift":["OH"]},"2026-10-01":{"shift":["OH"]},"2026-10-02":{"shift":["OH"]},"2026-10-03":{"shift":["OH"]}},"STAFF-0106":{"2026-09-27":{"shift":["OH"]},"2026-09-28":{"shift":["OH"]},"2026-09-29":{"shift":["OH"]},"2026-09-30":{"shift":["OH"]},"2026-10-01":{"shift":["OH"]},"2026-10-02":{"shift":["OH"]},"2026-10-03":{"shift":["OH"]}},"STAFF-0107":{"2026-09-27":{"shift":["OH"]},"2026-09-28":{"shift":["OH"]},"2026-09-29":{"shift":["OH"]},"2026-09-30":{"shift":["OH"]},"2026-10-01":{"shift":["OH"]},"2026-10-02":{"shift":["OH"]},"2026-10-03":{"shift":["OH"]}},"STAFF-0108":{"2026-09-27":{"shift":["OH"]},"2026-09-28":{"shift":["OH"]},"2026-09-29":{"shift":["OH"]},"2026-09-30":{"shift":["OH"]},"2026-10-01":{"shift":["OH"]},"2026-10-02":{"shift":["OH"]},"2026-10-03":{"shift":["OH"]}}}},"id":"ANES-POOL-0002","reservations":[],"resource_type":"pool","role":"Senior Anesthesiologist"},{"availability":{"members":{"STAFF-DS-0003":{"friday":{"hours":[["08:00","12:00"]]},"monday":{"hours":[["08:00","12:00"]]},"saturday":{"hours":[]},"sunday":{"hours":[]},"thursday":{"hours":[["08:00","12:00"]]},"tuesday":{"hours":[["08:00","12:00"]]},"wednesday":{"hours":[["08:00","12:00"]]}}}},"id":"STAFF-DS-0003","reservations":[],"resource_type":"individual","role":"Surgeon"},{"availability":{"members":{"OR-01":{"friday":{"hours":[["08:00","18:00"]]},"monday":{"hours":[["08:00","18:00"]]},"saturday":{"hours":[["08:00","18:00"]]},"sunday":{"hours":[["08:00","18:00"]]},"thursday":{"hours":[["08:00","18:00"]]},"tuesday":{"hours":[["08:00","18:00"]]},"wednesday":{"hours":[["08:00","18:00"]]}}}},"id":"OR-ROOM-273","reservations":[],"resource_type":"pool","role":"ROOM"},{"availability":{"members":{"ICU-01":{"friday":{"hours":[["08:00","18:00"]]},"monday":{"hours":[["08:00","18:00"]]},"saturday":{"hours":[["08:00","18:00"]]},"sunday":{"hours":[["08:00","18:00"]]},"thursday":{"hours":[["08:00","18:00"]]},"tuesday":{"hours":[["08:00","18:00"]]},"wednesday":{"hours":[["08:00","18:00"]]}},"ICU-02":{"friday":{"hours":[["08:00","18:00"]]},"monday":{"hours":[["08:00","18:00"]]},"saturday":{"hours":[["08:00","18:00"]]},"sunday":{"hours":[["08:00","18:00"]]},"thursday":{"hours":[["08:00","18:00"]]},"tuesday":{"hours":[["08:00","18:00"]]},"wednesday":{"hours":[["08:00","18:00"]]}}}},"id":"ICU-BED-735","reservations":[],"resource_type":"pool","role":"BED"},{"availability":{"members":{"MON-01":{"friday":{"hours":[["08:00","18:00"]]},"monday":{"hours":[["08:00","18:00"]]},"saturday":{"hours":[["08:00","18:00"]]},"sunday":{"hours":[["08:00","18:00"]]},"thursday":{"hours":[["08:00","18:00"]]},"tuesday":{"hours":[["08:00","18:00"]]},"wednesday":{"hours":[["08:00","18:00"]]}}}},"id":"MON-EQUIPMENT-391","reservations":[],"resource_type":"pool","role":"EQUIPMENT"}],"shift_definitions":{"D":[["08:00","16:00"]],"E":[["05:00","13:00"]],"F":[["00:00","23:59"]],"L":[["14:00","22:00"]],"N":[["21:00","05:00"]],"OH":[["08:00","18:00"]]},"surgeries":[{"id":"SURG-MAR-0001","infection_type":0,"stages":{"operative":[{"count":1,"duration":[0,210],"role":"Surgeon"},{"count":1,"duration":[0,210],"role":"OR Nurse"}],"post_op":[],"pre_op":[],"recovery":[],"sterilization":[]},"time_windows":{"earliest_date":"2026-08-31T00:00","latest_date":"2026-09-02T23:59","planned_start":"2026-09-02 08:00:00"},"type":"mandatory"}]}],"timestamp":"2026-09-27T11:19:16.884Z"}
{"level":"info","message":"Feasibility check: department \"Surgery\" (1 surgeries)","timestamp":"2026-09-27T11:19:16.886Z"}
{"level":"debug","message":"WebSocket open","timestamp":"2026-09-27T11:19:16.901Z","url":"ws://solver:8000/planning/feasibility"}
{"assignedSchedules":{"STAFF-NA-0001":{"2026-09-27":{"pool":null,"shift":"O"},"2026-09-28":{"pool":"OR-NUR-0001","shift":"E"},"2026-09-29":{"pool":"OR-NUR-0001","shift":"N"},"2026-09-30":{"pool":"OR-NUR-0001","shift":"N"}},"STAFF-NB-0002":{"2026-09-27":{"pool":"OR-NUR-0001","shift":"D"},"2026-09-28":{"pool":null,"shift":"O"},"2026-09-29":{"pool":"OR-NUR-0001","shift":"E"},"2026-09-30":{"pool":"OR-NUR-0001","shift":"D"}}},"level":"info","message":"Assigned Schedules","timestamp":"2026-09-27T11:19:16.918Z"}
{"level":"info","message":"Previous Schedules","previousSchedules":{},"timestamp":"2026-09-27T11:19:16.918Z"}
{"assignedSchedules":{"STAFF-0001":{"2026-09-27":{"pool":null,"shift":"O"},"2026-09-28":{"pool":"SEN-NUR-0001","shift":"D"},"2026-09-29":{"pool":"SEN-NUR-0001","shift":"D"},"2026-09-30":{"pool":"SEN-NUR-0001","shift":"D"}},"STAFF-0002":{"2026-09-27":{"pool":null,"shift":"O"},"2026-09-28":{"pool":"CHR-NUR-0001","shift":"D"},"2026-09-29":{"pool":"SEN-NUR-0001","shift":"D"},"2026-09-30":{"pool":"CHR-NUR-0001","shift":"D"}},"STAFF-0003":{"2026-09-27":{"pool":"CHR-NUR-0001","shift":"E"},"2026-09-28":{"pool":"CHR-NUR-0001","shift":"D"},"2026-09-29":{"pool":"CHR-NUR-0001","shift":"D"},"2026-09-30":{"pool":null,"shift":"O"}},"STAFF-0004":{"2026-09-27":{"pool":"CHR-NUR-0001","shift":"L"},"2026-09-28":{"pool":"CHR-NUR-0001","shift":"L"},"2026-09-29":{"pool":"CHR-NUR-0001","shift":"L"},"2026-09-30":{"pool":"CHR-NUR-0001","shift":"L"}},"STAFF-0005":{"2026-09-27":{"pool":null,"shift":"O"},"2026-09-28":{"pool":"SEN-NUR-0001","shift":"D"},"2026-09-29":{"pool":"SEN-NUR-0001","shift":"D"},"2026-09-30":{"pool":"CHR-NUR-0001","shift":"E"}},"STAFF-0006":{"2026-09-27":{"pool":null,"shift":"O"},"2026-09-28":{"pool":"CHR-NUR-0001","shift":"E"},"2026-09-29":{"pool":"CHR-NUR-0001","shift":"E"},"2026-09-30":{"pool":"SEN-NUR-0001","shift":"D"}},"STAFF-0007":{"2026-09-27":{"pool":"CHR-NUR-0001","shift":"N"},"2026-09-28":{"pool":null,"shift":"O"},"2026-09-29":{"pool":"CHR-NUR-0001","shift":"E"},"2026-09-30":{"pool":"CHR-NUR-0001","shift":"D"}},"STAFF-0008":{"2026-09-27":{"pool":null,"shift":"O"},"2026-09-28":{"pool":"CHR-NUR-0001","shift":"N"},"2026-09-29":{"pool":"CHR-NUR-0001","shift":"N"},"2026-09-30":{"pool":"CHR-NUR-0001","shift":"N"}},"STAFF-0009":{"2026-09-27":{"pool":"CHR-NUR-0001","shift":"D"},"2026-09-28":{"pool":"CHR-NUR-0001","shift":"L"},"2026-09-29":{"pool":"CHR-NUR-0001","shift":"L"},"2026-09-30":{"pool":null,"shift":"O"}},"STAFF-0010":{"2026-09-27":{"pool":null,"shift":"O"},"2026-09-28":{"pool":"CHR-NUR-0001","shift":"E"},"2026-09-29":{"pool":"CHR-NUR-0001","shift":"D"},"2026-09-30":{"pool":"CHR-NUR-0001","shift":"E"}}},"level":"info","message":"Assigned Schedules","timestamp":"2026-09-27T11:19:16.918Z"}
{"level":"info","message":"Previous Schedules","previousSchedules":{},"timestamp":"2026-09-27T11:19:16.919Z"}
{"assignedSchedules":{},"level":"info","message":"Assigned Schedules","timestamp":"2026-09-27T11:19:16.919Z"}
{"level":"info","message":"Previous Schedules","previousSchedules":{},"timestamp":"2026-09-27T11:19:16.919Z"}
{"level":"debug","message":"Preparing payload","payload":[{"assigned_schedules":{"STAFF-NA-0001":{"2026-09-27":{"pool":null,"shift":"O"},"2026-09-28":{"pool":"OR-NUR-0001","shift":"E"},"2026-09-29":{"pool":"OR-NUR-0001","shift":"N"},"2026-09-30":{"pool":"OR-NUR-0001","shift":"N"}},"STAFF-NB-0002":{"2026-09-27":{"pool":"OR-NUR-0001","shift":"D"},"2026-09-28":{"pool":null,"shift":"O"},"2026-09-29":{"pool":"OR-NUR-0001","shift":"E"},"2026-09-30":{"pool":"OR-NUR-0001","shift":"D"}}},"contracts":{"DYN-0001":[{"active":true,"hard":true,"name":"complete_weekends","reason":"Standard scheduling rule","weight":10},{"active":true,"hard":true,"name":"no_free_day_before_working_weekend","reason":"Standard scheduling rule","weight":10},{"active":true,"hard":true,"name":"no_night_shift_before_free_weekend","reason":"Standard scheduling rule","weight":10},{"active":true,"hard":true,"name":"identical_shift_types_during_weekend","reason":"Standard scheduling rule","weight":10},{"active":true,"hard":true,"name":"max_num_assignments","reason":"Assignment limit","value":22,"weight":10},{"active":true,"hard":true,"name":"min_num_assignments","reason":"Assignment limit","value":18,"weight":10},{"active":true,"hard":true,"name":"max_consecutive_free_days","reason":"Assignment limit","value":4,"weight":10},{"active":true,"hard":true,"name":"min_consecutive_free_days","reason":"Assignment limit","value":1,"weight":10},{"active":true,"hard":true,"name":"max_consecutive_working_days","reason":"Assignment limit","value":5,"weight":10},{"active":true,"hard":true,"name":"min_consecutive_working_days","reason":"Assignment limit","value":2,"weight":10},{"active":true,"hard":true,"name":"max_consecutive_working_weekends","reason":"Assignment limit","value":8,"weight":10},{"active":true,"hard":true,"name":"min_consecutive_working_weekends","reason":"Assignment limit","value":1,"weight":10},{"active":true,"description":"Avoid back-to-back late then day shift","enabled":true,"hard":false,"id":"late-day","label":"Late → Day","name":"late_followed_day","pattern":["L","D"],"reason":"Avoid back-to-back late then day shift","weight":14},{"active":true,"description":"Avoid irregular day-early-day sequence","enabled":true,"hard":false,"id":"day-early-day","label":"Day → Early → Day","name":"day_followed_early_followed_day","pattern":["D","E","D"],"reason":"Avoid irregular day-early-day sequence","weight":12},{"active":true,"description":"Avoid short turnaround between late and early shift","enabled":true,"hard":false,"id":"late-early","label":"Late → Early","name":"late_followed_early","pattern":["L","E"],"reason":"Avoid short turnaround between late and early shift","weight":28},{"active":true,"description":"Avoid a night shift immediately after a late shift","enabled":true,"hard":false,"id":"late-night","label":"Late → Night","name":"late_followed_night","pattern":["L","N"],"reason":"Avoid a night shift immediately after a late shift","weight":28},{"active":true,"description":"Avoid switching from day to night shift","enabled":true,"hard":false,"id":"day-night","label":"Day → Night","name":"day_followed_night","pattern":["D","N"],"reason":"Avoid switching from day to night shift","weight":22},{"active":true,"description":"Avoid switching from night to day shift","enabled":true,"hard":false,"id":"night-day","label":"Night → Day","name":"night_followed_day","pattern":["N","D"],"reason":"Avoid switching from night to day shift","weight":35},{"active":true,"description":"Avoid switching from night to early shift","enabled":true,"hard":false,"id":"night-early","label":"Night → Early","name":"night_followed_early","pattern":["N","E"],"reason":"Avoid switching from night to early shift","weight":35}],"DYN-0002":[{"active":true,"hard":true,"name":"complete_weekends","reason":"Standard scheduling rule","weight":10},{"active":true,"hard":true,"name":"no_free_day_before_working_weekend","reason":"Standard scheduling rule","weight":10},{"active":true,"hard":true,"name":"no_night_shift_before_free_weekend","reason":"Standard scheduling rule","weight":10},{"active":true,"hard":true,"name":"identical_shift_types_during_weekend","reason":"Standard scheduling rule","weight":10},{"active":true,"hard":true,"name":"max_num_assignments","reason":"Assignment limit","value":22,"weight":10},{"active":true,"hard":true,"name":"min_num_assignments","reason":"Assignment limit","value":18,"weight":10},{"active":true,"hard":true,"name":"max_consecutive_free_days","reason":"Assignment limit","value":5,"weight":10},{"active":true,"hard":true,"name":"min_consecutive_free_days","reason":"Assignment limit","value":2,"weight":10},{"active":true,"hard":true,"name":"max_consecutive_working_days","reason":"Assignment limit","value":5,"weight":10},{"active":true,"hard":true,"name":"min_consecutive_working_days","reason":"Assignment limit","value":3,"weight":10},{"active":true,"hard":true,"name":"max_consecutive_working_weekends","reason":"Assignment limit","value":5,"weight":10},{"active":true,"hard":true,"name":"min_consecutive_working_weekends","reason":"Assignment limit","value":2,"weight":10},{"active":true,"description":"Avoid back-to-back late then day shift","enabled":true,"hard":false,"id":"late-day","label":"Late → Day","name":"late_followed_day","pattern":["L","D"],"reason":"Avoid back-to-back late then day shift","weight":14},{"active":true,"description":"Avoid irregular day-early-day sequence","enabled":true,"hard":false,"id":"day-early-day","label":"Day → Early → Day","name":"day_followed_early_followed_day","pattern":["D","E","D"],"reason":"Avoid irregular day-early-day sequence","weight":12},{"active":true,"description":"Avoid short turnaround between late and early shift","enabled":true,"hard":false,"id":"late-early","label":"Late → Early","name":"late_followed_early","pattern":["L","E"],"reason":"Avoid short turnaround between late and early shift","weight":28},{"active":true,"description":"Avoid a night shift immediately after a late shift","enabled":true,"hard":false,"id":"late-night","label":"Late → Night","name":"late_followed_night","pattern":["L","N"],"reason":"Avoid a night shift immediately after a late shift","weight":28},{"active":true,"description":"Avoid switching from day to night shift","enabled":true,"hard":false,"id":"day-night","label":"Day → Night","name":"day_followed_night","pattern":["D","N"],"reason":"Avoid switching from day to night shift","weight":22},{"active":true,"description":"Avoid switching from night to day shift","enabled":true,"hard":false,"id":"night-day","label":"Night → Day","name":"night_followed_day","pattern":["N","D"],"reason":"Avoid switching from night to day shift","weight":35},{"active":true,"description":"Avoid switching from night to early shift","enabled":true,"hard":false,"id":"night-early","label":"Night → Early","name":"night_followed_early","pattern":["N","E"],"reason":"Avoid switching from night to early shift","weight":35}],"STA-0001":null},"employee_profiles":{"STAFF-0300":{"contract":"DYN-0001","pools":["OR-NUR-0001","SCRUB-NUR-0001"],"roles_distribution":{"Operating Room Nurse":0.7,"Scrub Nurse":0.3}},"STAFF-0301":{"contract":"DYN-0001","pools":["OR-NUR-0001","SCRUB-NUR-0001"],"roles_distribution":{"Operating Room Nurse":0.7,"Scrub Nurse":0.3}},"STAFF-0302":{"contract":"DYN-0001","pools":["OR-NUR-0001","SCRUB-NUR-0001"],"roles_distribution":{"Operating Room Nurse":0.7,"Scrub Nurse":0.3}},"STAFF-0303":{"contract":"DYN-0001","pools":["OR-NUR-0001","SCRUB-NUR-0001"],"roles_distribution":{"Operating Room Nurse":0.7,"Scrub Nurse":0.3}},"STAFF-0304":{"contract":"DYN-0001","pools":["OR-NUR-0001","SCRUB-NUR-0001"],"roles_distribution":{"Operating Room Nurse":0.7,"Scrub Nurse":0.3}},"STAFF-0305":{"contract":"DYN-0001","pools":["OR-NUR-0001","SCRUB-NUR-0001"],"roles_distribution":{"Operating Room Nurse":0.7,"Scrub Nurse":0.3}},"STAFF-0306":{"contract":"DYN-0001","pools":["OR-NUR-0001","SCRUB-NUR-0001"],"roles_distribution":{"Operating Room Nurse":0.7,"Scrub Nurse":0.3}},"STAFF-0307":{"contract":"DYN-0001","pools":["OR-NUR-0001","SCRUB-NUR-0001"],"roles_distribution":{"Operating Room Nurse":0.7,"Scrub Nurse":0.3}},"STAFF-0308":{"contract":"DYN-0001","pools":["OR-NUR-0001","SCRUB-NUR-0001"],"roles_distribution":{"Operating Room Nurse":0.7,"Scrub Nurse":0.3}},"STAFF-0309":{"contract":"DYN-0001","pools":["OR-NUR-0001","SCRUB-NUR-0001"],"roles_distribution":{"Operating Room Nurse":0.7,"Scrub Nurse":0.3}},"STAFF-0310":{"contract":"DYN-0001","pools":["OR-NUR-0001","SCRUB-NUR-0001"],"roles_distribution":{"Operating Room Nurse":0.7,"Scrub Nurse":0.3}},"STAFF-0311":{"contract":"DYN-0001","pools":["OR-NUR-0001","SCRUB-NUR-0001"],"roles_distribution":{"Operating Room Nurse":0.7,"Scrub Nurse":0.3}},"STAFF-0312":{"contract":"DYN-0001","pools":["OR-NUR-0001","SCRUB-NUR-0001"],"roles_distribution":{"Operating Room Nurse":0.7,"Scrub Nurse":0.3}},"STAFF-NA-0001":{"contract":"DYN-0001","pools":["OR-NUR-0001"],"roles_distribution":{"OR Nurse":1}},"STAFF-NB-0002":{"contract":"DYN-0001","pools":["OR-NUR-0001"],"roles_distribution":{"OR Nurse":1}}},"horizon":4,"pool_role_map":{"OR-NUR-0001":"OR Nurse","SCRUB-NUR-0001":"Scrub Nurse"},"preferred_schedules":{},"previous_schedules":{},"shift_requirements":{"OR-NUR-0001":{"D":{"friday":3,"monday":3,"saturday":1,"sunday":1,"thursday":3,"tuesday":2,"wednesday":2},"E":{"friday":2,"monday":2,"saturday":1,"sunday":1,"thursday":5,"tuesday":2,"wednesday":2},"L":{"friday":1,"monday":1,"saturday":1,"sunday":1,"thursday":1,"tuesday":1,"wednesday":3}},"SCRUB-NUR-0001":{"D":{"friday":2,"monday":2,"saturday":1,"sunday":1,"thursday":2,"tuesday":2,"wednesday":2},"E":{"friday":2,"monday":2,"saturday":1,"sunday":1,"thursday":2,"tuesday":2,"wednesday":2},"L":{"friday":1,"monday":1,"saturday":1,"sunday":1,"thursday":1,"tuesday":1,"wednesday":1}}},"start_date":"2026-09-27","weighted_constraints":{"assigned_schedules_non_working":25,"assigned_schedules_working":20,"complete_weekends":15,"day_followed_early_followed_day":12,"day_followed_night":22,"identical_shift_types_during_weekend":8,"late_followed_day":14,"late_followed_early":28,"late_followed_night":28,"max_consecutive_free_days":5,"max_consecutive_working_days":25,"max_consecutive_working_weekends":12,"max_num_assignments":12,"min_consecutive_free_days":10,"min_consecutive_working_days":5,"min_consecutive_working_weekends":3,"min_num_assignments":10,"night_followed_day":35,"night_followed_early":35,"no_free_day_before_working_weekend":14,"no_night_shift_before_free_weekend":14,"pool_shift_code":100,"preference_schedules_static_assignments":10,"preferred_schedules_non_working":20,"preferred_schedules_working":15}},{"assigned_schedules":{"STAFF-0001":{"2026-09-27":{"pool":null,"shift":"O"},"2026-09-28":{"pool":"SEN-NUR-0001","shift":"D"},"2026-09-29":{"pool":"SEN-NUR-0001","shift":"D"},"2026-09-30":{"pool":"SEN-NUR-0001","shift":"D"}},"STAFF-0002":{"2026-09-27":{"pool":null,"shift":"O"},"2026-09-28":{"pool":"CHR-NUR-0001","shift":"D"},"2026-09-29":{"pool":"SEN-NUR-0001","shift":"D"},"2026-09-30":{"pool":"CHR-NUR-0001","shift":"D"}},"STAFF-0003":{"2026-09-27":{"pool":"CHR-NUR-0001","shift":"E"},"2026-09-28":{"pool":"CHR-NUR-0001","shift":"D"},"2026-09-29":{"pool":"CHR-NUR-0001","shift":"D"},"2026-09-30":{"pool":null,"shift":"O"}},"STAFF-0004":{"2026-09-27":{"pool":"CHR-NUR-0001","shift":"L"},"2026-09-28":{"pool":"CHR-NUR-0001","shift":"L"},"2026-09-29":{"pool":"CHR-NUR-0001","shift":"L"},"2026-09-30":{"pool":"CHR-NUR-0001","shift":"L"}},"STAFF-0005":{"2026-09-27":{"pool":null,"shift":"O"},"2026-09-28":{"pool":"SEN-NUR-0001","shift":"D"},"2026-09-29":{"pool":"SEN-NUR-0001","shift":"D"},"2026-09-30":{"pool":"CHR-NUR-0001","shift":"E"}},"STAFF-0006":{"2026-09-27":{"pool":null,"shift":"O"},"2026-09-28":{"pool":"CHR-NUR-0001","shift":"E"},"2026-09-29":{"pool":"CHR-NUR-0001","shift":"E"},"2026-09-30":{"pool":"SEN-NUR-0001","shift":"D"}},"STAFF-0007":{"2026-09-27":{"pool":"CHR-NUR-0001","shift":"N"},"2026-09-28":{"pool":null,"shift":"O"},"2026-09-29":{"pool":"CHR-NUR-0001","shift":"E"},"2026-09-30":{"pool":"CHR-NUR-0001","shift":"D"}},"STAFF-0008":{"2026-09-27":{"pool":null,"shift":"O"},"2026-09-28":{"pool":"CHR-NUR-0001","shift":"N"},"2026-09-29":{"pool":"CHR-NUR-0001","shift":"N"},"2026-09-30":{"pool":"CHR-NUR-0001","shift":"N"}},"STAFF-0009":{"2026-09-27":{"pool":"CHR-NUR-0001","shift":"D"},"2026-09-28":{"pool":"CHR-NUR-0001","shift":"L"},"2026-09-29":{"pool":"CHR-NUR-0001","shift":"L"},"2026-09-30":{"pool":null,"shift":"O"}},"STAFF-0010":{"2026-09-27":{"pool":null,"shift":"O"},"2026-09-28":{"pool":"CHR-NUR-0001","shift":"E"},"2026-09-29":{"pool":"CHR-NUR-0001","shift":"D"},"2026-09-30":{"pool":"CHR-NUR-0001","shift":"E"}}},"contracts":{"DYN-0001":[{"active":true,"hard":true,"name":"complete_weekends","reason":"Standard scheduling rule","weight":10},{"active":true,"hard":true,"name":"no_free_day_before_working_weekend","reason":"Standard scheduling rule","weight":10},{"active":true,"hard":true,"name":"no_night_shift_before_free_weekend","reason":"Standard scheduling rule","weight":10},{"active":true,"hard":true,"name":"identical_shift_types_during_weekend","reason":"Standard scheduling rule","weight":10},{"active":true,"hard":true,"name":"max_num_assignments","reason":"Assignment limit","value":22,"weight":10},{"active":true,"hard":true,"name":"min_num_assignments","reason":"Assignment limit","value":18,"weight":10},{"active":true,"hard":true,"name":"max_consecutive_free_days","reason":"Assignment limit","value":4,"weight":10},{"active":true,"hard":true,"name":"min_consecutive_free_days","reason":"Assignment limit","value":1,"weight":10},{"active":true,"hard":true,"name":"max_consecutive_working_days","reason":"Assignment limit","value":5,"weight":10},{"active":true,"hard":true,"name":"min_consecutive_working_days","reason":"Assignment limit","value":2,"weight":10},{"active":true,"hard":true,"name":"max_consecutive_working_weekends","reason":"Assignment limit","value":8,"weight":10},{"active":true,"hard":true,"name":"min_consecutive_working_weekends","reason":"Assignment limit","value":1,"weight":10},{"active":true,"description":"Avoid back-to-back late then day shift","enabled":true,"hard":false,"id":"late-day","label":"Late → Day","name":"late_followed_day","pattern":["L","D"],"reason":"Avoid back-to-back late then day shift","weight":14},{"active":true,"description":"Avoid irregular day-early-day sequence","enabled":true,"hard":false,"id":"day-early-day","label":"Day → Early → Day","name":"day_followed_early_followed_day","pattern":["D","E","D"],"reason":"Avoid irregular day-early-day sequence","weight":12},{"active":true,"description":"Avoid short turnaround between late and early shift","enabled":true,"hard":false,"id":"late-early","label":"Late → Early","name":"late_followed_early","pattern":["L","E"],"reason":"Avoid short turnaround between late and early shift","weight":28},{"active":true,"description":"Avoid a night shift immediately after a late shift","enabled":true,"hard":false,"id":"late-night","label":"Late → Night","name":"late_followed_night","pattern":["L","N"],"reason":"Avoid a night shift immediately after a late shift","weight":28},{"active":true,"description":"Avoid switching from day to night shift","enabled":true,"hard":false,"id":"day-night","label":"Day → Night","name":"day_followed_night","pattern":["D","N"],"reason":"Avoid switching from day to night shift","weight":22},{"active":true,"description":"Avoid switching from night to day shift","enabled":true,"hard":false,"id":"night-day","label":"Night → Day","name":"night_followed_day","pattern":["N","D"],"reason":"Avoid switching from night to day shift","weight":35},{"active":true,"description":"Avoid switching from night to early shift","enabled":true,"hard":false,"id":"night-early","label":"Night → Early","name":"night_followed_early","pattern":["N","E"],"reason":"Avoid switching from night to early shift","weight":35}],"DYN-0002":[{"active":true,"hard":true,"name":"complete_weekends","reason":"Standard scheduling rule","weight":10},{"active":true,"hard":true,"name":"no_free_day_before_working_weekend","reason":"Standard scheduling rule","weight":10},{"active":true,"hard":true,"name":"no_night_shift_before_free_weekend","reason":"Standard scheduling rule","weight":10},{"active":true,"hard":true,"name":"identical_shift_types_during_weekend","reason":"Standard scheduling rule","weight":10},{"active":true,"hard":true,"name":"max_num_assignments","reason":"Assignment limit","value":22,"weight":10},{"active":true,"hard":true,"name":"min_num_assignments","reason":"Assignment limit","value":18,"weight":10},{"active":true,"hard":true,"name":"max_consecutive_free_days","reason":"Assignment limit","value":5,"weight":10},{"active":true,"hard":true,"name":"min_consecutive_free_days","reason":"Assignment limit","value":2,"weight":10},{"active":true,"hard":true,"name":"max_consecutive_working_days","reason":"Assignment limit","value":5,"weight":10},{"active":true,"hard":true,"name":"min_consecutive_working_days","reason":"Assignment limit","value":3,"weight":10},{"active":true,"hard":true,"name":"max_consecutive_working_weekends","reason":"Assignment limit","value":5,"weight":10},{"active":true,"hard":true,"name":"min_consecutive_working_weekends","reason":"Assignment limit","value":2,"weight":10},{"active":true,"description":"Avoid back-to-back late then day shift","enabled":true,"hard":false,"id":"late-day","label":"Late → Day","name":"late_followed_day","pattern":["L","D"],"reason":"Avoid back-to-back late then day shift","weight":14},{"active":true,"description":"Avoid irregular day-early-day sequence","enabled":true,"hard":false,"id":"day-early-day","label":"Day → Early → Day","name":"day_followed_early_followed_day","pattern":["D","E","D"],"reason":"Avoid irregular day-early-day sequence","weight":12},{"active":true,"description":"Avoid short turnaround between late and early shift","enabled":true,"hard":false,"id":"late-early","label":"Late → Early","name":"late_followed_early","pattern":["L","E"],"reason":"Avoid short turnaround between late and early shift","weight":28},{"active":true,"description":"Avoid a night shift immediately after a late shift","enabled":true,"hard":false,"id":"late-night","label":"Late → Night","name":"late_followed_night","pattern":["L","N"],"reason":"Avoid a night shift immediately after a late shift","weight":28},{"active":true,"description":"Avoid switching from day to night shift","enabled":true,"hard":false,"id":"day-night","label":"Day → Night","name":"day_followed_night","pattern":["D","N"],"reason":"Avoid switching from day to night shift","weight":22},{"active":true,"description":"Avoid switching from night to day shift","enabled":true,"hard":false,"id":"night-day","label":"Night → Day","name":"night_followed_day","pattern":["N","D"],"reason":"Avoid switching from night to day shift","weight":35},{"active":true,"description":"Avoid switching from night to early shift","enabled":true,"hard":false,"id":"night-early","label":"Night → Early","name":"night_followed_early","pattern":["N","E"],"reason":"Avoid switching from night to early shift","weight":35}],"STA-0001":null},"employee_profiles":{"STAFF-0001":{"contract":"DYN-0001","pools":["SEN-NUR-0001"],"roles_distribution":{"Charge Nurse":0.25,"Senior Staff Nurse":0.75}},"STAFF-0002":{"contract":"DYN-0001","pools":["SEN-NUR-0001","CHR-NUR-0001"],"roles_distribution":{"Charge Nurse":0.25,"Senior Staff Nurse":0.75}},"STAFF-0003":{"contract":"DYN-0001","pools":["SEN-NUR-0001","CHR-NUR-0001"],"roles_distribution":{"Charge Nurse":0.25,"Senior Staff Nurse":0.75}},"STAFF-0004":{"contract":"DYN-0001","pools":["SEN-NUR-0001","CHR-NUR-0001"],"roles_distribution":{"Charge Nurse":0.25,"Senior Staff Nurse":0.75}},"STAFF-0005":{"contract":"DYN-0001","pools":["SEN-NUR-0001","CHR-NUR-0001"],"roles_distribution":{"Charge Nurse":0.25,"Senior Staff Nurse":0.75}},"STAFF-0006":{"contract":"DYN-0001","pools":["SEN-NUR-0001","CHR-NUR-0001"],"roles_distribution":{"Charge Nurse":0.5,"Senior Staff Nurse":0.5}},"STAFF-0007":{"contract":"DYN-0001","pools":["SEN-NUR-0001","CHR-NUR-0001"],"roles_distribution":{"Charge Nurse":0.5,"Senior Staff Nurse":0.5}},"STAFF-0008":{"contract":"DYN-0001","pools":["SEN-NUR-0001","CHR-NUR-0001"],"roles_distribution":{"Charge Nurse":0.75,"Senior Staff Nurse":0.25}},"STAFF-0009":{"contract":"DYN-0001","pools":["SEN-NUR-0001","CHR-NUR-0001"],"roles_distribution":{"Charge Nurse":0.75,"Senior Staff Nurse":0.25}},"STAFF-0010":{"contract":"DYN-0001","pools":["SEN-NUR-0001","CHR-NUR-0001"],"roles_distribution":{"Charge Nurse":0.75,"Senior Staff Nurse":0.25}}},"horizon":4,"pool_role_map":{"CHR-NUR-0001":"Charge Nurse","SEN-NUR-0001":"Senior Staff Nurse"},"preferred_schedules":{},"previous_schedules":{},"shift_requirements":{},"start_date":"2026-09-27","weighted_constraints":{"assigned_schedules_non_working":25,"assigned_schedules_working":20,"complete_weekends":15,"day_followed_early_followed_day":12,"day_followed_night":22,"identical_shift_types_during_weekend":8,"late_followed_day":14,"late_followed_early":28,"late_followed_night":28,"max_consecutive_free_days":5,"max_consecutive_working_days":25,"max_consecutive_working_weekends":12,"max_num_assignments":12,"min_consecutive_free_days":10,"min_consecutive_working_days":5,"min_consecutive_working_weekends":3,"min_num_assignments":10,"night_followed_day":35,"night_followed_early":35,"no_free_day_before_working_weekend":14,"no_night_shift_before_free_weekend":14,"pool_shift_code":100,"preference_schedules_static_assignments":10,"preferred_schedules_non_working":20,"preferred_schedules_working":15}},{"assigned_schedules":{},"contracts":{"DYN-0001":[{"active":true,"hard":true,"name":"complete_weekends","reason":"Standard scheduling rule","weight":10},{"active":true,"hard":true,"name":"no_free_day_before_working_weekend","reason":"Standard scheduling rule","weight":10},{"active":true,"hard":true,"name":"no_night_shift_before_free_weekend","reason":"Standard scheduling rule","weight":10},{"active":true,"hard":true,"name":"identical_shift_types_during_weekend","reason":"Standard scheduling rule","weight":10},{"active":true,"hard":true,"name":"max_num_assignments","reason":"Assignment limit","value":22,"weight":10},{"active":true,"hard":true,"name":"min_num_assignments","reason":"Assignment limit","value":18,"weight":10},{"active":true,"hard":true,"name":"max_consecutive_free_days","reason":"Assignment limit","value":4,"weight":10},{"active":true,"hard":true,"name":"min_consecutive_free_days","reason":"Assignment limit","value":1,"weight":10},{"active":true,"hard":true,"name":"max_consecutive_working_days","reason":"Assignment limit","value":5,"weight":10},{"active":true,"hard":true,"name":"min_consecutive_working_days","reason":"Assignment limit","value":2,"weight":10},{"active":true,"hard":true,"name":"max_consecutive_working_weekends","reason":"Assignment limit","value":8,"weight":10},{"active":true,"hard":true,"name":"min_consecutive_working_weekends","reason":"Assignment limit","value":1,"weight":10},{"active":true,"description":"Avoid back-to-back late then day shift","enabled":true,"hard":false,"id":"late-day","label":"Late → Day","name":"late_followed_day","pattern":["L","D"],"reason":"Avoid back-to-back late then day shift","weight":14},{"active":true,"description":"Avoid irregular day-early-day sequence","enabled":true,"hard":false,"id":"day-early-day","label":"Day → Early → Day","name":"day_followed_early_followed_day","pattern":["D","E","D"],"reason":"Avoid irregular day-early-day sequence","weight":12},{"active":true,"description":"Avoid short turnaround between late and early shift","enabled":true,"hard":false,"id":"late-early","label":"Late → Early","name":"late_followed_early","pattern":["L","E"],"reason":"Avoid short turnaround between late and early shift","weight":28},{"active":true,"description":"Avoid a night shift immediately after a late shift","enabled":true,"hard":false,"id":"late-night","label":"Late → Night","name":"late_followed_night","pattern":["L","N"],"reason":"Avoid a night shift immediately after a late shift","weight":28},{"active":true,"description":"Avoid switching from day to night shift","enabled":true,"hard":false,"id":"day-night","label":"Day → Night","name":"day_followed_night","pattern":["D","N"],"reason":"Avoid switching from day to night shift","weight":22},{"active":true,"description":"Avoid switching from night to day shift","enabled":true,"hard":false,"id":"night-day","label":"Night → Day","name":"night_followed_day","pattern":["N","D"],"reason":"Avoid switching from night to day shift","weight":35},{"active":true,"description":"Avoid switching from night to early shift","enabled":true,"hard":false,"id":"night-early","label":"Night → Early","name":"night_followed_early","pattern":["N","E"],"reason":"Avoid switching from night to early shift","weight":35}],"DYN-0002":[{"active":true,"hard":true,"name":"complete_weekends","reason":"Standard scheduling rule","weight":10},{"active":true,"hard":true,"name":"no_free_day_before_working_weekend","reason":"Standard scheduling rule","weight":10},{"active":true,"hard":true,"name":"no_night_shift_before_free_weekend","reason":"Standard scheduling rule","weight":10},{"active":true,"hard":true,"name":"identical_shift_types_during_weekend","reason":"Standard scheduling rule","weight":10},{"active":true,"hard":true,"name":"max_num_assignments","reason":"Assignment limit","value":22,"weight":10},{"active":true,"hard":true,"name":"min_num_assignments","reason":"Assignment limit","value":18,"weight":10},{"active":true,"hard":true,"name":"max_consecutive_free_days","reason":"Assignment limit","value":5,"weight":10},{"active":true,"hard":true,"name":"min_consecutive_free_days","reason":"Assignment limit","value":2,"weight":10},{"active":true,"hard":true,"name":"max_consecutive_working_days","reason":"Assignment limit","value":5,"weight":10},{"active":true,"hard":true,"name":"min_consecutive_working_days","reason":"Assignment limit","value":3,"weight":10},{"active":true,"hard":true,"name":"max_consecutive_working_weekends","reason":"Assignment limit","value":5,"weight":10},{"active":true,"hard":true,"name":"min_consecutive_working_weekends","reason":"Assignment limit","value":2,"weight":10},{"active":true,"description":"Avoid back-to-back late then day shift","enabled":true,"hard":false,"id":"late-day","label":"Late → Day","name":"late_followed_day","pattern":["L","D"],"reason":"Avoid back-to-back late then day shift","weight":14},{"active":true,"description":"Avoid irregular day-early-day sequence","enabled":true,"hard":false,"id":"day-early-day","label":"Day → Early → Day","name":"day_followed_early_followed_day","pattern":["D","E","D"],"reason":"Avoid irregular day-early-day sequence","weight":12},{"active":true,"description":"Avoid short turnaround between late and early shift","enabled":true,"hard":false,"id":"late-early","label":"Late → Early","name":"late_followed_early","pattern":["L","E"],"reason":"Avoid short turnaround between late and early shift","weight":28},{"active":true,"description":"Avoid a night shift immediately after a late shift","enabled":true,"hard":false,"id":"late-night","label":"Late → Night","name":"late_followed_night","pattern":["L","N"],"reason":"Avoid a night shift immediately after a late shift","weight":28},{"active":true,"description":"Avoid switching from day to night shift","enabled":true,"hard":false,"id":"day-night","label":"Day → Night","name":"day_followed_night","pattern":["D","N"],"reason":"Avoid switching from day to night shift","weight":22},{"active":true,"description":"Avoid switching from night to day shift","enabled":true,"hard":false,"id":"night-day","label":"Night → Day","name":"night_followed_day","pattern":["N","D"],"reason":"Avoid switching from night to day shift","weight":35},{"active":true,"description":"Avoid switching from night to early shift","enabled":true,"hard":false,"id":"night-early","label":"Night → Early","name":"night_followed_early","pattern":["N","E"],"reason":"Avoid switching from night to early shift","weight":35}],"STA-0001":null},"employee_profiles":{"STAFF-0100":{"contract":"DYN-0001","pools":["ANES-POOL-0001","ANES-POOL-0002"],"roles_distribution":{"Anesthesiologist":0.2,"Senior Anesthesiologist":0.8}},"STAFF-0101":{"contract":"DYN-0001","pools":["ANES-POOL-0001","ANES-POOL-0002"],"roles_distribution":{"Anesthesiologist":0.2,"Senior Anesthesiologist":0.8}},"STAFF-0102":{"contract":"DYN-0001","pools":["ANES-POOL-0001","ANES-POOL-0002"],"roles_distribution":{"Anesthesiologist":0.2,"Senior Anesthesiologist":0.8}},"STAFF-0103":{"contract":"DYN-0001","pools":["ANES-POOL-0001","ANES-POOL-0002"],"roles_distribution":{"Anesthesiologist":0.2,"Senior Anesthesiologist":0.8}},"STAFF-0104":{"contract":"DYN-0001","pools":["ANES-POOL-0001","ANES-POOL-0002"],"roles_distribution":{"Anesthesiologist":0.2,"Senior Anesthesiologist":0.8}},"STAFF-0105":{"contract":"DYN-0001","pools":["ANES-POOL-0001","ANES-POOL-0002"],"roles_distribution":{"Anesthesiologist":0.2,"Senior Anesthesiologist":0.8}},"STAFF-0106":{"contract":"DYN-0001","pools":["ANES-POOL-0001","ANES-POOL-0002"],"roles_distribution":{"Anesthesiologist":0.2,"Senior Anesthesiologist":0.8}},"STAFF-0107":{"contract":"DYN-0001","pools":["ANES-POOL-0001","ANES-POOL-0002"],"roles_distribution":{"Anesthesiologist":0.2,"Senior Anesthesiologist":0.8}},"STAFF-0108":{"contract":"DYN-0001","pools":["ANES-POOL-0001","ANES-POOL-0002"],"roles_distribution":{"Anesthesiologist":0.2,"Senior Anesthesiologist":0.8}}},"horizon":4,"pool_role_map":{"ANES-POOL-0001":"Anesthesiologist","ANES-POOL-0002":"Senior Anesthesiologist"},"preferred_schedules":{},"previous_schedules":{},"shift_requirements":{"ANES-POOL-0001":{"D":{"friday":2,"monday":2,"saturday":1,"sunday":1,"thursday":2,"tuesday":2,"wednesday":2},"E":{"friday":2,"monday":2,"saturday":1,"sunday":1,"thursday":2,"tuesday":2,"wednesday":2},"L":{"friday":1,"monday":1,"saturday":1,"sunday":1,"thursday":1,"tuesday":1,"wednesday":1}},"ANES-POOL-0002":{"D":{"friday":2,"monday":2,"saturday":0,"sunday":0,"thursday":2,"tuesday":2,"wednesday":2},"E":{"friday":1,"monday":1,"saturday":0,"sunday":0,"thursday":1,"tuesday":1,"wednesday":1}}},"start_date":"2026-09-27","weighted_constraints":{"assigned_schedules_non_working":25,"assigned_schedules_working":20,"complete_weekends":15,"day_followed_early_followed_day":12,"day_followed_night":22,"identical_shift_types_during_weekend":8,"late_followed_day":14,"late_followed_early":28,"late_followed_night":28,"max_consecutive_free_days":5,"max_consecutive_working_days":25,"max_consecutive_working_weekends":12,"max_num_assignments":12,"min_consecutive_free_days":10,"min_consecutive_working_days":5,"min_consecutive_working_weekends":3,"min_num_assignments":10,"night_followed_day":35,"night_followed_early":35,"no_free_day_before_working_weekend":14,"no_night_shift_before_free_weekend":14,"pool_shift_code":100,"preference_schedules_static_assignments":10,"preferred_schedules_non_working":20,"preferred_schedules_working":15}}],"timestamp":"2026-09-27T11:19:16.919Z"}
{"level":"info","message":"Created roster process f2c95762-de59-40ab-ad4a-3dbbfd583de1","timestamp":"2026-09-27T11:19:16.922Z"}
{"level":"info","message":"WebSocket Connected (f2c95762-de59-40ab-ad4a-3dbbfd583de1)","timestamp":"2026-09-27T11:19:16.990Z"}
{"level":"info","message":"Sending 1/3","timestamp":"2026-09-27T11:19:16.990Z"}
{"item":{"assigned_schedules":{"STAFF-NA-0001":{"2026-09-27":{"pool":null,"shift":"O"},"2026-09-28":{"pool":"OR-NUR-0001","shift":"E"},"2026-09-29":{"pool":"OR-NUR-0001","shift":"N"},"2026-09-30":{"pool":"OR-NUR-0001","shift":"N"}},"STAFF-NB-0002":{"2026-09-27":{"pool":"OR-NUR-0001","shift":"D"},"2026-09-28":{"pool":null,"shift":"O"},"2026-09-29":{"pool":"OR-NUR-0001","shift":"E"},"2026-09-30":{"pool":"OR-NUR-0001","shift":"D"}}},"contracts":{"DYN-0001":[{"active":true,"hard":true,"name":"complete_weekends","reason":"Standard scheduling rule","weight":10},{"active":true,"hard":true,"name":"no_free_day_before_working_weekend","reason":"Standard scheduling rule","weight":10},{"active":true,"hard":true,"name":"no_night_shift_before_free_weekend","reason":"Standard scheduling rule","weight":10},{"active":true,"hard":true,"name":"identical_shift_types_during_weekend","reason":"Standard scheduling rule","weight":10},{"active":true,"hard":true,"name":"max_num_assignments","reason":"Assignment limit","value":22,"weight":10},{"active":true,"hard":true,"name":"min_num_assignments","reason":"Assignment limit","value":18,"weight":10},{"active":true,"hard":true,"name":"max_consecutive_free_days","reason":"Assignment limit","value":4,"weight":10},{"active":true,"hard":true,"name":"min_consecutive_free_days","reason":"Assignment limit","value":1,"weight":10},{"active":true,"hard":true,"name":"max_consecutive_working_days","reason":"Assignment limit","value":5,"weight":10},{"active":true,"hard":true,"name":"min_consecutive_working_days","reason":"Assignment limit","value":2,"weight":10},{"active":true,"hard":true,"name":"max_consecutive_working_weekends","reason":"Assignment limit","value":8,"weight":10},{"active":true,"hard":true,"name":"min_consecutive_working_weekends","reason":"Assignment limit","value":1,"weight":10},{"active":true,"description":"Avoid back-to-back late then day shift","enabled":true,"hard":false,"id":"late-day","label":"Late → Day","name":"late_followed_day","pattern":["L","D"],"reason":"Avoid back-to-back late then day shift","weight":14},{"active":true,"description":"Avoid irregular day-early-day sequence","enabled":true,"hard":false,"id":"day-early-day","label":"Day → Early → Day","name":"day_followed_early_followed_day","pattern":["D","E","D"],"reason":"Avoid irregular day-early-day sequence","weight":12},{"active":true,"description":"Avoid short turnaround between late and early shift","enabled":true,"hard":false,"id":"late-early","label":"Late → Early","name":"late_followed_early","pattern":["L","E"],"reason":"Avoid short turnaround between late and early shift","weight":28},{"active":true,"description":"Avoid a night shift immediately after a late shift","enabled":true,"hard":false,"id":"late-night","label":"Late → Night","name":"late_followed_night","pattern":["L","N"],"reason":"Avoid a night shift immediately after a late shift","weight":28},{"active":true,"description":"Avoid switching from day to night shift","enabled":true,"hard":false,"id":"day-night","label":"Day → Night","name":"day_followed_night","pattern":["D","N"],"reason":"Avoid switching from day to night shift","weight":22},{"active":true,"description":"Avoid switching from night to day shift","enabled":true,"hard":false,"id":"night-day","label":"Night → Day","name":"night_followed_day","pattern":["N","D"],"reason":"Avoid switching from night to day shift","weight":35},{"active":true,"description":"Avoid switching from night to early shift","enabled":true,"hard":false,"id":"night-early","label":"Night → Early","name":"night_followed_early","pattern":["N","E"],"reason":"Avoid switching from night to early shift","weight":35}],"DYN-0002":[{"active":true,"hard":true,"name":"complete_weekends","reason":"Standard scheduling rule","weight":10},{"active":true,"hard":true,"name":"no_free_day_before_working_weekend","reason":"Standard scheduling rule","weight":10},{"active":true,"hard":true,"name":"no_night_shift_before_free_weekend","reason":"Standard scheduling rule","weight":10},{"active":true,"hard":true,"name":"identical_shift_types_during_weekend","reason":"Standard scheduling rule","weight":10},{"active":true,"hard":true,"name":"max_num_assignments","reason":"Assignment limit","value":22,"weight":10},{"active":true,"hard":true,"name":"min_num_assignments","reason":"Assignment limit","value":18,"weight":10},{"active":true,"hard":true,"name":"max_consecutive_free_days","reason":"Assignment limit","value":5,"weight":10},{"active":true,"hard":true,"name":"min_consecutive_free_days","reason":"Assignment limit","value":2,"weight":10},{"active":true,"hard":true,"name":"max_consecutive_working_days","reason":"Assignment limit","value":5,"weight":10},{"active":true,"hard":true,"name":"min_consecutive_working_days","reason":"Assignment limit","value":3,"weight":10},{"active":true,"hard":true,"name":"max_consecutive_working_weekends","reason":"Assignment limit","value":5,"weight":10},{"active":true,"hard":true,"name":"min_consecutive_working_weekends","reason":"Assignment limit","value":2,"weight":10},{"active":true,"description":"Avoid back-to-back late then day shift","enabled":true,"hard":false,"id":"late-day","label":"Late → Day","name":"late_followed_day","pattern":["L","D"],"reason":"Avoid back-to-back late then day shift","weight":14},{"active":true,"description":"Avoid irregular day-early-day sequence","enabled":true,"hard":false,"id":"day-early-day","label":"Day → Early → Day","name":"day_followed_early_followed_day","pattern":["D","E","D"],"reason":"Avoid irregular day-early-day sequence","weight":12},{"active":true,"description":"Avoid short turnaround between late and early shift","enabled":true,"hard":false,"id":"late-early","label":"Late → Early","name":"late_followed_early","pattern":["L","E"],"reason":"Avoid short turnaround between late and early shift","weight":28},{"active":true,"description":"Avoid a night shift immediately after a late shift","enabled":true,"hard":false,"id":"late-night","label":"Late → Night","name":"late_followed_night","pattern":["L","N"],"reason":"Avoid a night shift immediately after a late shift","weight":28},{"active":true,"description":"Avoid switching from day to night shift","enabled":true,"hard":false,"id":"day-night","label":"Day → Night","name":"day_followed_night","pattern":["D","N"],"reason":"Avoid switching from day to night shift","weight":22},{"active":true,"description":"Avoid switching from night to day shift","enabled":true,"hard":false,"id":"night-day","label":"Night → Day","name":"night_followed_day","pattern":["N","D"],"reason":"Avoid switching from night to day shift","weight":35},{"active":true,"description":"Avoid switching from night to early shift","enabled":true,"hard":false,"id":"night-early","label":"Night → Early","name":"night_followed_early","pattern":["N","E"],"reason":"Avoid switching from night to early shift","weight":35}],"STA-0001":null},"employee_profiles":{"STAFF-0300":{"contract":"DYN-0001","pools":["OR-NUR-0001","SCRUB-NUR-0001"],"roles_distribution":{"Operating Room Nurse":0.7,"Scrub Nurse":0.3}},"STAFF-0301":{"contract":"DYN-0001","pools":["OR-NUR-0001","SCRUB-NUR-0001"],"roles_distribution":{"Operating Room Nurse":0.7,"Scrub Nurse":0.3}},"STAFF-0302":{"contract":"DYN-0001","pools":["OR-NUR-0001","SCRUB-NUR-0001"],"roles_distribution":{"Operating Room Nurse":0.7,"Scrub Nurse":0.3}},"STAFF-0303":{"contract":"DYN-0001","pools":["OR-NUR-0001","SCRUB-NUR-0001"],"roles_distribution":{"Operating Room Nurse":0.7,"Scrub Nurse":0.3}},"STAFF-0304":{"contract":"DYN-0001","pools":["OR-NUR-0001","SCRUB-NUR-0001"],"roles_distribution":{"Operating Room Nurse":0.7,"Scrub Nurse":0.3}},"STAFF-0305":{"contract":"DYN-0001","pools":["OR-NUR-0001","SCRUB-NUR-0001"],"roles_distribution":{"Operating Room Nurse":0.7,"Scrub Nurse":0.3}},"STAFF-0306":{"contract":"DYN-0001","pools":["OR-NUR-0001","SCRUB-NUR-0001"],"roles_distribution":{"Operating Room Nurse":0.7,"Scrub Nurse":0.3}},"STAFF-0307":{"contract":"DYN-0001","pools":["OR-NUR-0001","SCRUB-NUR-0001"],"roles_distribution":{"Operating Room Nurse":0.7,"Scrub Nurse":0.3}},"STAFF-0308":{"contract":"DYN-0001","pools":["OR-NUR-0001","SCRUB-NUR-0001"],"roles_distribution":{"Operating Room Nurse":0.7,"Scrub Nurse":0.3}},"STAFF-0309":{"contract":"DYN-0001","pools":["OR-NUR-0001","SCRUB-NUR-0001"],"roles_distribution":{"Operating Room Nurse":0.7,"Scrub Nurse":0.3}},"STAFF-0310":{"contract":"DYN-0001","pools":["OR-NUR-0001","SCRUB-NUR-0001"],"roles_distribution":{"Operating Room Nurse":0.7,"Scrub Nurse":0.3}},"STAFF-0311":{"contract":"DYN-0001","pools":["OR-NUR-0001","SCRUB-NUR-0001"],"roles_distribution":{"Operating Room Nurse":0.7,"Scrub Nurse":0.3}},"STAFF-0312":{"contract":"DYN-0001","pools":["OR-NUR-0001","SCRUB-NUR-0001"],"roles_distribution":{"Operating Room Nurse":0.7,"Scrub Nurse":0.3}},"STAFF-NA-0001":{"contract":"DYN-0001","pools":["OR-NUR-0001"],"roles_distribution":{"OR Nurse":1}},"STAFF-NB-0002":{"contract":"DYN-0001","pools":["OR-NUR-0001"],"roles_distribution":{"OR Nurse":1}}},"horizon":4,"pool_role_map":{"OR-NUR-0001":"OR Nurse","SCRUB-NUR-0001":"Scrub Nurse"},"preferred_schedules":{},"previous_schedules":{},"shift_requirements":{"OR-NUR-0001":{"D":{"friday":3,"monday":3,"saturday":1,"sunday":1,"thursday":3,"tuesday":2,"wednesday":2},"E":{"friday":2,"monday":2,"saturday":1,"sunday":1,"thursday":5,"tuesday":2,"wednesday":2},"L":{"friday":1,"monday":1,"saturday":1,"sunday":1,"thursday":1,"tuesday":1,"wednesday":3}},"SCRUB-NUR-0001":{"D":{"friday":2,"monday":2,"saturday":1,"sunday":1,"thursday":2,"tuesday":2,"wednesday":2},"E":{"friday":2,"monday":2,"saturday":1,"sunday":1,"thursday":2,"tuesday":2,"wednesday":2},"L":{"friday":1,"monday":1,"saturday":1,"sunday":1,"thursday":1,"tuesday":1,"wednesday":1}}},"start_date":"2026-09-27","weighted_constraints":{"assigned_schedules_non_working":25,"assigned_schedules_working":20,"complete_weekends":15,"day_followed_early_followed_day":12,"day_followed_night":22,"identical_shift_types_during_weekend":8,"late_followed_day":14,"late_followed_early":28,"late_followed_night":28,"max_consecutive_free_days":5,"max_consecutive_working_days":25,"max_consecutive_working_weekends":12,"max_num_assignments":12,"min_consecutive_free_days":10,"min_consecutive_working_days":5,"min_consecutive_working_weekends":3,"min_num_assignments":10,"night_followed_day":35,"night_followed_early":35,"no_free_day_before_working_weekend":14,"no_night_shift_before_free_weekend":14,"pool_shift_code":100,"preference_schedules_static_assignments":10,"preferred_schedules_non_working":20,"preferred_schedules_working":15}},"level":"debug","message":"Schedule Payload","timestamp":"2026-09-27T11:19:16.990Z"}
{"level":"debug","message":"Parsed WebSocket Response","processId":"f2c95762-de59-40ab-ad4a-3dbbfd583de1","status":"error","timestamp":"2026-09-27T11:19:17.092Z"}
{"level":"error","message":"Solver returned error","processId":"f2c95762-de59-40ab-ad4a-3dbbfd583de1","response":{"message":"'OR-NUR-0001_N'","status":"error"},"timestamp":"2026-09-27T11:19:17.092Z"}
{"level":"error","timestamp":"2026-09-27T11:19:17.092Z"}
{"level":"info","message":"Rostering run for organization 1 finished (success=false) — resetting counter","timestamp":"2026-09-27T11:19:17.092Z"}
{"level":"info","message":"WebSocket Closed (f2c95762-de59-40ab-ad4a-3dbbfd583de1)","timestamp":"2026-09-27T11:19:17.109Z"}
{"level":"info","message":"Transitioned 1 surgery/surgeries ESTIMATED → PLANNING","timestamp":"2026-09-27T11:19:19.304Z"}
{"level":"info","message":"Phase 2: planning for 1 department(s) with eligible surgeries","timestamp":"2026-09-27T11:19:19.304Z"}
{"level":"info","message":"Planning: department \"Surgery\" — 1 surgery/surgeries → single endpoint","timestamp":"2026-09-27T11:19:19.304Z"}
{"level":"debug","message":"WebSocket open","timestamp":"2026-09-27T11:19:19.307Z","url":"ws://solver:8000/planning/single"}
{"level":"info","message":"Planning completed for \"Surgery\": 1 scheduled, 0 dropped","timestamp":"2026-09-27T11:20:11.966Z"}
{"level":"info","message":"Surgery \"SURG-MAR-0001\" PLANNING → PLANNED, planned_start = 2026-09-28 08:00:00","timestamp":"2026-09-27T11:20:11.978Z"}
{"level":"info","message":"Planning run for organization 1 finished (success=true) — resetting counter","timestamp":"2026-09-27T11:20:11.979Z"}
{"level":"info","message":"Auto-triggering surgery planning for organization 1 (1 pending change(s))","timestamp":"2026-09-27T11:20:46.861Z"}
{"level":"info","message":"Preparing surgery planning payloads","timestamp":"2026-09-27T11:20:46.861Z"}
{"level":"info","message":"Auto-triggering rostering for organization 1 (1 pending change(s))","timestamp":"2026-09-27T11:20:46.862Z"}
{"level":"info","message":"Collected existing staff by normalized weekly_template role","roleToStaffIds":{"Surgeon":["STAFF-DS-0003"]},"timestamp":"2026-09-27T11:20:46.883Z"}
{"level":"info","message":"Created surgery planning process 6f5741f0-b5d5-4967-9014-855f8f863ffb","timestamp":"2026-09-27T11:20:46.884Z"}
{"level":"info","message":"Phase 1: feasibility check for 1 department(s)","timestamp":"2026-09-27T11:20:46.884Z"}
{"level":"debug","message":"Raw payloads","payloads":[{"department":"Surgery","execution_datetime":"2026-09-27T11:20","horizon":3,"operation_end":"18:00","operation_start":"08:00","resolution":15,"resources":[{"availability":{"members":{"STAFF-0300":{"2026-09-27":{"shift":[]},"2026-09-28":{"shift":[]},"2026-09-29":{"shift":[]},"2026-09-30":{"shift":[]},"2026-10-01":{"shift":["OH"]},"2026-10-02":{"shift":["OH"]},"2026-10-03":{"shift":["OH"]}},"STAFF-0301":{"2026-09-27":{"shift":[]},"2026-09-28":{"shift":[]},"2026-09-29":{"shift":[]},"2026-09-30":{"shift":[]},"2026-10-01":{"shift":["OH"]},"2026-10-02":{"shift":["OH"]},"2026-10-03":{"shift":["OH"]}},"STAFF-0302":{"2026-09-27":{"shift":[]},"2026-09-28":{"shift":[]},"2026-09-29":{"shift":[]},"2026-09-30":{"shift":[]},"2026-10-01":{"shift":["OH"]},"2026-10-02":{"shift":["OH"]},"2026-10-03":{"shift":["OH"]}},"STAFF-0303":{"2026-09-27":{"shift":[]},"2026-09-28":{"shift":[]},"2026-09-29":{"shift":[]},"2026-09-30":{"shift":[]},"2026-10-01":{"shift":["OH"]},"2026-10-02":{"shift":["OH"]},"2026-10-03":{"shift":["OH"]}},"STAFF-0304":{"2026-09-27":{"shift":[]},"2026-09-28":{"shift":[]},"2026-09-29":{"shift":[]},"2026-09-30":{"shift":[]},"2026-10-01":{"shift":["OH"]},"2026-10-02":{"shift":["OH"]},"2026-10-03":{"shift":["OH"]}},"STAFF-0305":{"2026-09-27":{"shift":[]},"2026-09-28":{"shift":[]},"2026-09-29":{"shift":[]},"2026-09-30":{"shift":[]},"2026-10-01":{"shift":["OH"]},"2026-10-02":{"shift":["OH"]},"2026-10-03":{"shift":["OH"]}},"STAFF-0306":{"2026-09-27":{"shift":[]},"2026-09-28":{"shift":[]},"2026-09-29":{"shift":[]},"2026-09-30":{"shift":[]},"2026-10-01":{"shift":["OH"]},"2026-10-02":{"shift":["OH"]},"2026-10-03":{"shift":["OH"]}},"STAFF-0307":{"2026-09-27":{"shift":[]},"2026-09-28":{"shift":[]},"2026-09-29":{"shift":[]},"2026-09-30":{"shift":[]},"2026-10-01":{"shift":["OH"]},"2026-10-02":{"shift":["OH"]},"2026-10-03":{"shift":["OH"]}},"STAFF-0308":{"2026-09-27":{"shift":[]},"2026-09-28":{"shift":[]},"2026-09-29":{"shift":[]},"2026-09-30":{"shift":[]},"2026-10-01":{"shift":["OH"]},"2026-10-02":{"shift":["OH"]},"2026-10-03":{"shift":["OH"]}},"STAFF-0309":{"2026-09-27":{"shift":[]},"2026-09-28":{"shift":[]},"2026-09-29":{"shift":[]},"2026-09-30":{"shift":[]},"2026-10-01":{"shift":["OH"]},"2026-10-02":{"shift":["OH"]},"2026-10-03":{"shift":["OH"]}},"STAFF-0310":{"2026-09-27":{"shift":[]},"2026-09-28":{"shift":[]},"2026-09-29":{"shift":[]},"2026-09-30":{"shift":[]},"2026-10-01":{"shift":["OH"]},"2026-10-02":{"shift":["OH"]},"2026-10-03":{"shift":["OH"]}},"STAFF-0311":{"2026-09-27":{"shift":[]},"2026-09-28":{"shift":[]},"2026-09-29":{"shift":[]},"2026-09-30":{"shift":[]},"2026-10-01":{"shift":["OH"]},"2026-10-02":{"shift":["OH"]},"2026-10-03":{"shift":["OH"]}},"STAFF-0312":{"2026-09-27":{"shift":[]},"2026-09-28":{"shift":[]},"2026-09-29":{"shift":[]},"2026-09-30":{"shift":[]},"2026-10-01":{"shift":["OH"]},"2026-10-02":{"shift":["OH"]},"2026-10-03":{"shift":["OH"]}},"STAFF-NA-0001":{"2026-09-27":{"shift":[]},"2026-09-28":{"shift":["E"]},"2026-09-29":{"shift":["N"]},"2026-09-30":{"shift":["N"]},"2026-10-01":{"shift":["OH"]},"2026-10-02":{"shift":["OH"]},"2026-10-03":{"shift":["OH"]}},"STAFF-NB-0002":{"2026-09-27":{"shift":["D"]},"2026-09-28":{"shift":[]},"2026-09-29":{"shift":["E"]},"2026-09-30":{"shift":["D"]},"2026-10-01":{"shift":["OH"]},"2026-10-02":{"shift":["OH"]},"2026-10-03":{"shift":["OH"]}}}},"id":"OR-NUR-0001","reservations":[],"resource_type":"pool","role":"OR Nurse"},{"availability":{"members":{"STAFF-0002":{"2026-09-27":{"shift":[]},"2026-09-28":{"shift":["D"]},"2026-09-29":{"shift":[]},"2026-09-30":{"shift":["D"]},"2026-10-01":{"shift":["OH"]},"2026-10-02":{"shift":["OH"]},"2026-10-03":{"shift":["OH"]}},"STAFF-0003":{"2026-09-27":{"shift":["E"]},"2026-09-28":{"shift":["D"]},"2026-09-29":{"shift":["D"]},"2026-09-30":{"shift":[]},"2026-10-01":{"shift":["OH"]},"2026-10-02":{"shift":["OH"]},"2026-10-03":{"shift":["OH"]}},"STAFF-0004":{"2026-09-27":{"shift":["L"]},"2026-09-28":{"shift":["L"]},"2026-09-29":{"shift":["L"]},"2026-09-30":{"shift":["L"]},"2026-10-01":{"shift":["OH"]},"2026-10-02":{"shift":["OH"]},"2026-10-03":{"shift":["OH"]}},"STAFF-0005":{"2026-09-27":{"shift":[]},"2026-09-28":{"shift":[]},"2026-09-29":{"shift":[]},"2026-09-30":{"shift":["E"]},"2026-10-01":{"shift":["OH"]},"2026-10-02":{"shift":["OH"]},"2026-10-03":{"shift":["OH"]}},"STAFF-0006":{"2026-09-27":{"shift":[]},"2026-09-28":{"shift":["E"]},"2026-09-29":{"shift":["E"]},"2026-09-30":{"shift":[]},"2026-10-01":{"shift":["OH"]},"2026-10-02":{"shift":["OH"]},"2026-10-03":{"shift":["OH"]}},"STAFF-0007":{"2026-09-27":{"shift":["N"]},"2026-09-28":{"shift":[]},"2026-09-29":{"shift":["E"]},"2026-09-30":{"shift":["D"]},"2026-10-01":{"shift":["OH"]},"2026-10-02":{"shift":["OH"]},"2026-10-03":{"shift":["OH"]}},"STAFF-0008":{"2026-09-27":{"shift":[]},"2026-09-28":{"shift":["N"]},"2026-09-29":{"shift":["N"]},"2026-09-30":{"shift":["N"]},"2026-10-01":{"shift":["OH"]},"2026-10-02":{"shift":["OH"]},"2026-10-03":{"shift":["OH"]}},"STAFF-0009":{"2026-09-27":{"shift":["D"]},"2026-09-28":{"shift":["L"]},"2026-09-29":{"shift":["L"]},"2026-09-30":{"shift":[]},"2026-10-01":{"shift":["OH"]},"2026-10-02":{"shift":["OH"]},"2026-10-03":{"shift":["OH"]}},"STAFF-0010":{"2026-09-27":{"shift":[]},"2026-09-28":{"shift":["E"]},"2026-09-29":{"shift":["D"]},"2026-09-30":{"shift":["E"]},"2026-10-01":{"shift":["OH"]},"2026-10-02":{"shift":["OH"]},"2026-10-03":{"shift":["OH"]}}}},"id":"CHR-NUR-0001","reservations":[],"resource_type":"pool","role":"Charge Nurse"},{"availability":{"members":{"STAFF-0001":{"2026-09-27":{"shift":["OH"]},"2026-09-28":{"shift":["D"]},"2026-09-29":{"shift":["D"]},"2026-09-30":{"shift":["D"]},"2026-10-01":{"shift":["OH"]},"2026-10-02":{"shift":["OH"]},"2026-10-03":{"shift":["OH"]}},"STAFF-0002":{"2026-09-27":{"shift":["OH"]},"2026-09-28":{"shift":[]},"2026-09-29":{"shift":["D"]},"2026-09-30":{"shift":[]},"2026-10-01":{"shift":["OH"]},"2026-10-02":{"shift":["OH"]},"2026-10-03":{"shift":["OH"]}},"STAFF-0003":{"2026-09-27":{"shift":["OH"]},"2026-09-28":{"shift":[]},"2026-09-29":{"shift":[]},"2026-09-30":{"shift":[]},"2026-10-01":{"shift":["OH"]},"2026-10-02":{"shift":["OH"]},"2026-10-03":{"shift":["OH"]}},"STAFF-0004":{"2026-09-27":{"shift":["OH"]},"2026-09-28":{"shift":[]},"2026-09-29":{"shift":[]},"2026-09-30":{"shift":[]},"2026-10-01":{"shift":["OH"]},"2026-10-02":{"shift":["OH"]},"2026-10-03":{"shift":["OH"]}},"STAFF-0005":{"2026-09-27":{"shift":["OH"]},"2026-09-28":{"shift":["D"]},"2026-09-29":{"shift":["D"]},"2026-09-30":{"shift":[]},"2026-10-01":{"shift":["OH"]},"2026-10-02":{"shift":["OH"]},"2026-10-03":{"shift":["OH"]}},"STAFF-0006":{"2026-09-27":{"shift":["OH"]},"2026-09-28":{"shift":[]},"2026-09-29":{"shift":[]},"2026-09-30":{"shift":["D"]},"2026-10-01":{"shift":["OH"]},"2026-10-02":{"shift":["OH"]},"2026-10-03":{"shift":["OH"]}},"STAFF-0007":{"2026-09-27":{"shift":["OH"]},"2026-09-28":{"shift":[]},"2026-09-29":{"shift":[]},"2026-09-30":{"shift":[]},"2026-10-01":{"shift":["OH"]},"2026-10-02":{"shift":["OH"]},"2026-10-03":{"shift":["OH"]}},"STAFF-0008":{"2026-09-27":{"shift":["OH"]},"2026-09-28":{"shift":[]},"2026-09-29":{"shift":[]},"2026-09-30":{"shift":[]},"2026-10-01":{"shift":["OH"]},"2026-10-02":{"shift":["OH"]},"2026-10-03":{"shift":["OH"]}},"STAFF-0009":{"2026-09-27":{"shift":["OH"]},"2026-09-28":{"shift":[]},"2026-09-29":{"shift":[]},"2026-09-30":{"shift":[]},"2026-10-01":{"shift":["OH"]},"2026-10-02":{"shift":["OH"]},"2026-10-03":{"shift":["OH"]}},"STAFF-0010":{"2026-09-27":{"shift":["OH"]},"2026-09-28":{"shift":[]},"2026-09-29":{"shift":[]},"2026-09-30":{"shift":[]},"2026-10-01":{"shift":["OH"]},"2026-10-02":{"shift":["OH"]},"2026-10-03":{"shift":["OH"]}}}},"id":"SEN-NUR-0001","reservations":[],"resource_type":"pool","role":"Senior Staff Nurse"},{"availability":{"members":{"STAFF-0200":{"2026-09-27":{"shift":["OH"]},"2026-09-28":{"shift":["OH"]},"2026-09-29":{"shift":["OH"]},"2026-09-30":{"shift":["OH"]},"2026-10-01":{"shift":["OH"]},"2026-10-02":{"shift":["OH"]},"2026-10-03":{"shift":["OH"]}},"STAFF-0201":{"2026-09-27":{"shift":["OH"]},"2026-09-28":{"shift":["OH"]},"2026-09-29":{"shift":["OH"]},"2026-09-30":{"shift":["OH"]},"2026-10-01":{"shift":["OH"]},"2026-10-02":{"shift":["OH"]},"2026-10-03":{"shift":["OH"]}},"STAFF-0202":{"2026-09-27":{"shift":["OH"]},"2026-09-28":{"shift":["OH"]},"2026-09-29":{"shift":["OH"]},"2026-09-30":{"shift":["OH"]},"2026-10-01":{"shift":["OH"]},"2026-10-02":{"shift":["OH"]},"2026-10-03":{"shift":["OH"]}},"STAFF-0203":{"2026-09-27":{"shift":["OH"]},"2026-09-28":{"shift":["OH"]},"2026-09-29":{"shift":["OH"]},"2026-09-30":{"shift":["OH"]},"2026-10-01":{"shift":["OH"]},"2026-10-02":{"shift":["OH"]},"2026-10-03":{"shift":["OH"]}},"STAFF-0204":{"2026-09-27":{"shift":["OH"]},"2026-09-28":{"shift":["OH"]},"2026-09-29":{"shift":["OH"]},"2026-09-30":{"shift":["OH"]},"2026-10-01":{"shift":["OH"]},"2026-10-02":{"shift":["OH"]},"2026-10-03":{"shift":["OH"]}},"STAFF-0205":{"2026-09-27":{"shift":["OH"]},"2026-09-28":{"shift":["OH"]},"2026-09-29":{"shift":["OH"]},"2026-09-30":{"shift":["OH"]},"2026-10-01":{"shift":["OH"]},"2026-10-02":{"shift":["OH"]},"2026-10-03":{"shift":["OH"]}},"STAFF-0206":{"2026-09-27":{"shift":["OH"]},"2026-09-28":{"shift":["OH"]},"2026-09-29":{"shift":["OH"]},"2026-09-30":{"shift":["OH"]},"2026-10-01":{"shift":["OH"]},"2026-10-02":{"shift":["OH"]},"2026-10-03":{"shift":["OH"]}},"STAFF-0207":{"2026-09-27":{"shift":["OH"]},"2026-09-28":{"shift":["OH"]},"2026-09-29":{"shift":["OH"]},"2026-09-30":{"shift":["OH"]},"2026-10-01":{"shift":["OH"]},"2026-10-02":{"shift":["OH"]},"2026-10-03":{"shift":["OH"]}},"STAFF-0208":{"2026-09-27":{"shift":["OH"]},"2026-09-28":{"shift":["OH"]},"2026-09-29":{"shift":["OH"]},"2026-09-30":{"shift":["OH"]},"2026-10-01":{"shift":["OH"]},"2026-10-02":{"shift":["OH"]},"2026-10-03":{"shift":["OH"]}},"STAFF-0209":{"2026-09-27":{"shift":["OH"]},"2026-09-28":{"shift":["OH"]},"2026-09-29":{"shift":["OH"]},"2026-09-30":{"shift":["OH"]},"2026-10-01":{"shift":["OH"]},"2026-10-02":{"shift":["OH"]},"2026-10-03":{"shift":["OH"]}},"STAFF-0210":{"2026-09-27":{"shift":["OH"]},"2026-09-28":{"shift":["OH"]},"2026-09-29":{"shift":["OH"]},"2026-09-30":{"shift":["OH"]},"2026-10-01":{"shift":["OH"]},"2026-10-02":{"shift":["OH"]},"2026-10-03":{"shift":["OH"]}},"STAFF-0212":{"2026-09-27":{"shift":["OH"]},"2026-09-28":{"shift":["OH"]},"2026-09-29":{"shift":["OH"]},"2026-09-30":{"shift":["OH"]},"2026-10-01":{"shift":["OH"]},"2026-10-02":{"shift":["OH"]},"2026-10-03":{"shift":["OH"]}}}},"id":"ENV-POOL-0001","reservations":[],"resource_type":"pool","role":"Environmental Services Worker"},{"availability":{"members":{"STAFF-0300":{"2026-09-27":{"shift":["OH"]},"2026-09-28":{"shift":["OH"]},"2026-09-29":{"shift":["OH"]},"2026-09-30":{"shift":["OH"]},"2026-10-01":{"shift":["OH"]},"2026-10-02":{"shift":["OH"]},"2026-10-03":{"shift":["OH"]}},"STAFF-0301":{"2026-09-27":{"shift":["OH"]},"2026-09-28":{"shift":["OH"]},"2026-09-29":{"shift":["OH"]},"2026-09-30":{"shift":["OH"]},"2026-10-01":{"shift":["OH"]},"2026-10-02":{"shift":["OH"]},"2026-10-03":{"shift":["OH"]}},"STAFF-0302":{"2026-09-27":{"shift":["OH"]},"2026-09-28":{"shift":["OH"]},"2026-09-29":{"shift":["OH"]},"2026-09-30":{"shift":["OH"]},"2026-10-01":{"shift":["OH"]},"2026-10-02":{"shift":["OH"]},"2026-10-03":{"shift":["OH"]}},"STAFF-0303":{"2026-09-27":{"shift":["OH"]},"2026-09-28":{"shift":["OH"]},"2026-09-29":{"shift":["OH"]},"2026-09-30":{"shift":["OH"]},"2026-10-01":{"shift":["OH"]},"2026-10-02":{"shift":["OH"]},"2026-10-03":{"shift":["OH"]}},"STAFF-0304":{"2026-09-27":{"shift":["OH"]},"2026-09-28":{"shift":["OH"]},"2026-09-29":{"shift":["OH"]},"2026-09-30":{"shift":["OH"]},"2026-10-01":{"shift":["OH"]},"2026-10-02":{"shift":["OH"]},"2026-10-03":{"shift":["OH"]}},"STAFF-0305":{"2026-09-27":{"shift":["OH"]},"2026-09-28":{"shift":["OH"]},"2026-09-29":{"shift":["OH"]},"2026-09-30":{"shift":["OH"]},"2026-10-01":{"shift":["OH"]},"2026-10-02":{"shift":["OH"]},"2026-10-03":{"shift":["OH"]}},"STAFF-0306":{"2026-09-27":{"shift":["OH"]},"2026-09-28":{"shift":["OH"]},"2026-09-29":{"shift":["OH"]},"2026-09-30":{"shift":["OH"]},"2026-10-01":{"shift":["OH"]},"2026-10-02":{"shift":["OH"]},"2026-10-03":{"shift":["OH"]}},"STAFF-0307":{"2026-09-27":{"shift":["OH"]},"2026-09-28":{"shift":["OH"]},"2026-09-29":{"shift":["OH"]},"2026-09-30":{"shift":["OH"]},"2026-10-01":{"shift":["OH"]},"2026-10-02":{"shift":["OH"]},"2026-10-03":{"shift":["OH"]}},"STAFF-0308":{"2026-09-27":{"shift":["OH"]},"2026-09-28":{"shift":["OH"]},"2026-09-29":{"shift":["OH"]},"2026-09-30":{"shift":["OH"]},"2026-10-01":{"shift":["OH"]},"2026-10-02":{"shift":["OH"]},"2026-10-03":{"shift":["OH"]}},"STAFF-0309":{"2026-09-27":{"shift":["OH"]},"2026-09-28":{"shift":["OH"]},"2026-09-29":{"shift":["OH"]},"2026-09-30":{"shift":["OH"]},"2026-10-01":{"shift":["OH"]},"2026-10-02":{"shift":["OH"]},"2026-10-03":{"shift":["OH"]}},"STAFF-0310":{"2026-09-27":{"shift":["OH"]},"2026-09-28":{"shift":["OH"]},"2026-09-29":{"shift":["OH"]},"2026-09-30":{"shift":["OH"]},"2026-10-01":{"shift":["OH"]},"2026-10-02":{"shift":["OH"]},"2026-10-03":{"shift":["OH"]}},"STAFF-0311":{"2026-09-27":{"shift":["OH"]},"2026-09-28":{"shift":["OH"]},"2026-09-29":{"shift":["OH"]},"2026-09-30":{"shift":["OH"]},"2026-10-01":{"shift":["OH"]},"2026-10-02":{"shift":["OH"]},"2026-10-03":{"shift":["OH"]}},"STAFF-0312":{"2026-09-27":{"shift":["OH"]},"2026-09-28":{"shift":["OH"]},"2026-09-29":{"shift":["OH"]},"2026-09-30":{"shift":["OH"]},"2026-10-01":{"shift":["OH"]},"2026-10-02":{"shift":["OH"]},"2026-10-03":{"shift":["OH"]}}}},"id":"SCRUB-NUR-0001","reservations":[],"resource_type":"pool","role":"Scrub Nurse"},{"availability":{"members":{"STAFF-0100":{"2026-09-27":{"shift":["OH"]},"2026-09-28":{"shift":["OH"]},"2026-09-29":{"shift":["OH"]},"2026-09-30":{"shift":["OH"]},"2026-10-01":{"shift":["OH"]},"2026-10-02":{"shift":["OH"]},"2026-10-03":{"shift":["OH"]}},"STAFF-0101":{"2026-09-27":{"shift":["OH"]},"2026-09-28":{"shift":["OH"]},"2026-09-29":{"shift":["OH"]},"2026-09-30":{"shift":["OH"]},"2026-10-01":{"shift":["OH"]},"2026-10-02":{"shift":["OH"]},"2026-10-03":{"shift":["OH"]}},"STAFF-0102":{"2026-09-27":{"shift":["OH"]},"2026-09-28":{"shift":["OH"]},"2026-09-29":{"shift":["OH"]},"2026-09-30":{"shift":["OH"]},"2026-10-01":{"shift":["OH"]},"2026-10-02":{"shift":["OH"]},"2026-10-03":{"shift":["OH"]}},"STAFF-0103":{"2026-09-27":{"shift":["OH"]},"2026-09-28":{"shift":["OH"]},"2026-09-29":{"shift":["OH"]},"2026-09-30":{"shift":["OH"]},"2026-10-01":{"shift":["OH"]},"2026-10-02":{"shift":["OH"]},"2026-10-03":{"shift":["OH"]}},"STAFF-0104":{"2026-09-27":{"shift":["OH"]},"2026-09-28":{"shift":["OH"]},"2026-09-29":{"shift":["OH"]},"2026-09-30":{"shift":["OH"]},"2026-10-01":{"shift":["OH"]},"2026-10-02":{"shift":["OH"]},"2026-10-03":{"shift":["OH"]}},"STAFF-0105":{"2026-09-27":{"shift":["OH"]},"2026-09-28":{"shift":["OH"]},"2026-09-29":{"shift":["OH"]},"2026-09-30":{"shift":["OH"]},"2026-10-01":{"shift":["OH"]},"2026-10-02":{"shift":["OH"]},"2026-10-03":{"shift":["OH"]}},"STAFF-0106":{"2026-09-27":{"shift":["OH"]},"2026-09-28":{"shift":["OH"]},"2026-09-29":{"shift":["OH"]},"2026-09-30":{"shift":["OH"]},"2026-10-01":{"shift":["OH"]},"2026-10-02":{"shift":["OH"]},"2026-10-03":{"shift":["OH"]}},"STAFF-0107":{"2026-09-27":{"shift":["OH"]},"2026-09-28":{"shift":["OH"]},"2026-09-29":{"shift":["OH"]},"2026-09-30":{"shift":["OH"]},"2026-10-01":{"shift":["OH"]},"2026-10-02":{"shift":["OH"]},"2026-10-03":{"shift":["OH"]}},"STAFF-0108":{"2026-09-27":{"shift":["OH"]},"2026-09-28":{"shift":["OH"]},"2026-09-29":{"shift":["OH"]},"2026-09-30":{"shift":["OH"]},"2026-10-01":{"shift":["OH"]},"2026-10-02":{"shift":["OH"]},"2026-10-03":{"shift":["OH"]}}}},"id":"ANES-POOL-0001","reservations":[],"resource_type":"pool","role":"Anesthesiologist"},{"availability":{"members":{"STAFF-0100":{"2026-09-27":{"shift":["OH"]},"2026-09-28":{"shift":["OH"]},"2026-09-29":{"shift":["OH"]},"2026-09-30":{"shift":["OH"]},"2026-10-01":{"shift":["OH"]},"2026-10-02":{"shift":["OH"]},"2026-10-03":{"shift":["OH"]}},"STAFF-0101":{"2026-09-27":{"shift":["OH"]},"2026-09-28":{"shift":["OH"]},"2026-09-29":{"shift":["OH"]},"2026-09-30":{"shift":["OH"]},"2026-10-01":{"shift":["OH"]},"2026-10-02":{"shift":["OH"]},"2026-10-03":{"shift":["OH"]}},"STAFF-0102":{"2026-09-27":{"shift":["OH"]},"2026-09-28":{"shift":["OH"]},"2026-09-29":{"shift":["OH"]},"2026-09-30":{"shift":["OH"]},"2026-10-01":{"shift":["OH"]},"2026-10-02":{"shift":["OH"]},"2026-10-03":{"shift":["OH"]}},"STAFF-0103":{"2026-09-27":{"shift":["OH"]},"2026-09-28":{"shift":["OH"]},"2026-09-29":{"shift":["OH"]},"2026-09-30":{"shift":["OH"]},"2026-10-01":{"shift":["OH"]},"2026-10-02":{"shift":["OH"]},"2026-10-03":{"shift":["OH"]}},"STAFF-0104":{"2026-09-27":{"shift":["OH"]},"2026-09-28":{"shift":["OH"]},"2026-09-29":{"shift":["OH"]},"2026-09-30":{"shift":["OH"]},"2026-10-01":{"shift":["OH"]},"2026-10-02":{"shift":["OH"]},"2026-10-03":{"shift":["OH"]}},"STAFF-0105":{"2026-09-27":{"shift":["OH"]},"2026-09-28":{"shift":["OH"]},"2026-09-29":{"shift":["OH"]},"2026-09-30":{"shift":["OH"]},"2026-10-01":{"shift":["OH"]},"2026-10-02":{"shift":["OH"]},"2026-10-03":{"shift":["OH"]}},"STAFF-0106":{"2026-09-27":{"shift":["OH"]},"2026-09-28":{"shift":["OH"]},"2026-09-29":{"shift":["OH"]},"2026-09-30":{"shift":["OH"]},"2026-10-01":{"shift":["OH"]},"2026-10-02":{"shift":["OH"]},"2026-10-03":{"shift":["OH"]}},"STAFF-0107":{"2026-09-27":{"shift":["OH"]},"2026-09-28":{"shift":["OH"]},"2026-09-29":{"shift":["OH"]},"2026-09-30":{"shift":["OH"]},"2026-10-01":{"shift":["OH"]},"2026-10-02":{"shift":["OH"]},"2026-10-03":{"shift":["OH"]}},"STAFF-0108":{"2026-09-27":{"shift":["OH"]},"2026-09-28":{"shift":["OH"]},"2026-09-29":{"shift":["OH"]},"2026-09-30":{"shift":["OH"]},"2026-10-01":{"shift":["OH"]},"2026-10-02":{"shift":["OH"]},"2026-10-03":{"shift":["OH"]}}}},"id":"ANES-POOL-0002","reservations":[],"resource_type":"pool","role":"Senior Anesthesiologist"},{"availability":{"members":{"STAFF-DS-0003":{"friday":{"hours":[["08:00","12:00"]]},"monday":{"hours":[["08:00","12:00"]]},"saturday":{"hours":[]},"sunday":{"hours":[]},"thursday":{"hours":[["08:00","12:00"]]},"tuesday":{"hours":[["08:00","12:00"]]},"wednesday":{"hours":[["08:00","12:00"]]}}}},"id":"STAFF-DS-0003","reservations":[],"resource_type":"individual","role":"Surgeon"},{"availability":{"members":{"OR-01":{"friday":{"hours":[["08:00","18:00"]]},"monday":{"hours":[["08:00","18:00"]]},"saturday":{"hours":[["08:00","18:00"]]},"sunday":{"hours":[["08:00","18:00"]]},"thursday":{"hours":[["08:00","18:00"]]},"tuesday":{"hours":[["08:00","18:00"]]},"wednesday":{"hours":[["08:00","18:00"]]}}}},"id":"OR-ROOM-273","reservations":[],"resource_type":"pool","role":"ROOM"},{"availability":{"members":{"ICU-01":{"friday":{"hours":[["08:00","18:00"]]},"monday":{"hours":[["08:00","18:00"]]},"saturday":{"hours":[["08:00","18:00"]]},"sunday":{"hours":[["08:00","18:00"]]},"thursday":{"hours":[["08:00","18:00"]]},"tuesday":{"hours":[["08:00","18:00"]]},"wednesday":{"hours":[["08:00","18:00"]]}},"ICU-02":{"friday":{"hours":[["08:00","18:00"]]},"monday":{"hours":[["08:00","18:00"]]},"saturday":{"hours":[["08:00","18:00"]]},"sunday":{"hours":[["08:00","18:00"]]},"thursday":{"hours":[["08:00","18:00"]]},"tuesday":{"hours":[["08:00","18:00"]]},"wednesday":{"hours":[["08:00","18:00"]]}}}},"id":"ICU-BED-735","reservations":[],"resource_type":"pool","role":"BED"},{"availability":{"members":{"MON-01":{"friday":{"hours":[["08:00","18:00"]]},"monday":{"hours":[["08:00","18:00"]]},"saturday":{"hours":[["08:00","18:00"]]},"sunday":{"hours":[["08:00","18:00"]]},"thursday":{"hours":[["08:00","18:00"]]},"tuesday":{"hours":[["08:00","18:00"]]},"wednesday":{"hours":[["08:00","18:00"]]}}}},"id":"MON-EQUIPMENT-391","reservations":[],"resource_type":"pool","role":"EQUIPMENT"}],"shift_definitions":{"D":[["08:00","16:00"]],"E":[["05:00","13:00"]],"F":[["00:00","23:59"]],"L":[["14:00","22:00"]],"N":[["21:00","05:00"]],"OH":[["08:00","18:00"]]},"surgeries":[{"id":"SURG-MAR-0001","infection_type":0,"stages":{"operative":[{"count":1,"duration":[0,210],"role":"Surgeon"},{"count":1,"duration":[0,210],"role":"OR Nurse"}],"post_op":[],"pre_op":[],"recovery":[],"sterilization":[]},"time_windows":{"earliest_date":"2026-08-31T00:00","latest_date":"2026-09-02T23:59","planned_start":"2026-09-28 08:00:00"},"type":"mandatory"}]}],"timestamp":"2026-09-27T11:20:46.884Z"}
{"level":"info","message":"Feasibility check: department \"Surgery\" (1 surgeries)","timestamp":"2026-09-27T11:20:46.885Z"}
{"level":"debug","message":"WebSocket open","timestamp":"2026-09-27T11:20:46.888Z","url":"ws://solver:8000/planning/feasibility"}
{"assignedSchedules":{"STAFF-NA-0001":{"2026-09-27":{"pool":null,"shift":"O"},"2026-09-28":{"pool":"OR-NUR-0001","shift":"E"},"2026-09-29":{"pool":"OR-NUR-0001","shift":"N"},"2026-09-30":{"pool":"OR-NUR-0001","shift":"N"}},"STAFF-NB-0002":{"2026-09-27":{"pool":"OR-NUR-0001","shift":"D"},"2026-09-28":{"pool":null,"shift":"O"},"2026-09-29":{"pool":"OR-NUR-0001","shift":"E"},"2026-09-30":{"pool":"OR-NUR-0001","shift":"D"}}},"level":"info","message":"Assigned Schedules","timestamp":"2026-09-27T11:20:46.900Z"}
{"level":"info","message":"Previous Schedules","previousSchedules":{},"timestamp":"2026-09-27T11:20:46.900Z"}
{"assignedSchedules":{"STAFF-0001":{"2026-09-27":{"pool":null,"shift":"O"},"2026-09-28":{"pool":"SEN-NUR-0001","shift":"D"},"2026-09-29":{"pool":"SEN-NUR-0001","shift":"D"},"2026-09-30":{"pool":"SEN-NUR-0001","shift":"D"}},"STAFF-0002":{"2026-09-27":{"pool":null,"shift":"O"},"2026-09-28":{"pool":"CHR-NUR-0001","shift":"D"},"2026-09-29":{"pool":"SEN-NUR-0001","shift":"D"},"2026-09-30":{"pool":"CHR-NUR-0001","shift":"D"}},"STAFF-0003":{"2026-09-27":{"pool":"CHR-NUR-0001","shift":"E"},"2026-09-28":{"pool":"CHR-NUR-0001","shift":"D"},"2026-09-29":{"pool":"CHR-NUR-0001","shift":"D"},"2026-09-30":{"pool":null,"shift":"O"}},"STAFF-0004":{"2026-09-27":{"pool":"CHR-NUR-0001","shift":"L"},"2026-09-28":{"pool":"CHR-NUR-0001","shift":"L"},"2026-09-29":{"pool":"CHR-NUR-0001","shift":"L"},"2026-09-30":{"pool":"CHR-NUR-0001","shift":"L"}},"STAFF-0005":{"2026-09-27":{"pool":null,"shift":"O"},"2026-09-28":{"pool":"SEN-NUR-0001","shift":"D"},"2026-09-29":{"pool":"SEN-NUR-0001","shift":"D"},"2026-09-30":{"pool":"CHR-NUR-0001","shift":"E"}},"STAFF-0006":{"2026-09-27":{"pool":null,"shift":"O"},"2026-09-28":{"pool":"CHR-NUR-0001","shift":"E"},"2026-09-29":{"pool":"CHR-NUR-0001","shift":"E"},"2026-09-30":{"pool":"SEN-NUR-0001","shift":"D"}},"STAFF-0007":{"2026-09-27":{"pool":"CHR-NUR-0001","shift":"N"},"2026-09-28":{"pool":null,"shift":"O"},"2026-09-29":{"pool":"CHR-NUR-0001","shift":"E"},"2026-09-30":{"pool":"CHR-NUR-0001","shift":"D"}},"STAFF-0008":{"2026-09-27":{"pool":null,"shift":"O"},"2026-09-28":{"pool":"CHR-NUR-0001","shift":"N"},"2026-09-29":{"pool":"CHR-NUR-0001","shift":"N"},"2026-09-30":{"pool":"CHR-NUR-0001","shift":"N"}},"STAFF-0009":{"2026-09-27":{"pool":"CHR-NUR-0001","shift":"D"},"2026-09-28":{"pool":"CHR-NUR-0001","shift":"L"},"2026-09-29":{"pool":"CHR-NUR-0001","shift":"L"},"2026-09-30":{"pool":null,"shift":"O"}},"STAFF-0010":{"2026-09-27":{"pool":null,"shift":"O"},"2026-09-28":{"pool":"CHR-NUR-0001","shift":"E"},"2026-09-29":{"pool":"CHR-NUR-0001","shift":"D"},"2026-09-30":{"pool":"CHR-NUR-0001","shift":"E"}}},"level":"info","message":"Assigned Schedules","timestamp":"2026-09-27T11:20:46.900Z"}
{"level":"info","message":"Previous Schedules","previousSchedules":{},"timestamp":"2026-09-27T11:20:46.900Z"}
{"assignedSchedules":{},"level":"info","message":"Assigned Schedules","timestamp":"2026-09-27T11:20:46.901Z"}
{"level":"info","message":"Previous Schedules","previousSchedules":{},"timestamp":"2026-09-27T11:20:46.901Z"}
{"level":"debug","message":"Preparing payload","payload":[{"assigned_schedules":{"STAFF-NA-0001":{"2026-09-27":{"pool":null,"shift":"O"},"2026-09-28":{"pool":"OR-NUR-0001","shift":"E"},"2026-09-29":{"pool":"OR-NUR-0001","shift":"N"},"2026-09-30":{"pool":"OR-NUR-0001","shift":"N"}},"STAFF-NB-0002":{"2026-09-27":{"pool":"OR-NUR-0001","shift":"D"},"2026-09-28":{"pool":null,"shift":"O"},"2026-09-29":{"pool":"OR-NUR-0001","shift":"E"},"2026-09-30":{"pool":"OR-NUR-0001","shift":"D"}}},"contracts":{"DYN-0001":[{"active":true,"hard":true,"name":"complete_weekends","reason":"Standard scheduling rule","weight":10},{"active":true,"hard":true,"name":"no_free_day_before_working_weekend","reason":"Standard scheduling rule","weight":10},{"active":true,"hard":true,"name":"no_night_shift_before_free_weekend","reason":"Standard scheduling rule","weight":10},{"active":true,"hard":true,"name":"identical_shift_types_during_weekend","reason":"Standard scheduling rule","weight":10},{"active":true,"hard":true,"name":"max_num_assignments","reason":"Assignment limit","value":22,"weight":10},{"active":true,"hard":true,"name":"min_num_assignments","reason":"Assignment limit","value":18,"weight":10},{"active":true,"hard":true,"name":"max_consecutive_free_days","reason":"Assignment limit","value":4,"weight":10},{"active":true,"hard":true,"name":"min_consecutive_free_days","reason":"Assignment limit","value":1,"weight":10},{"active":true,"hard":true,"name":"max_consecutive_working_days","reason":"Assignment limit","value":5,"weight":10},{"active":true,"hard":true,"name":"min_consecutive_working_days","reason":"Assignment limit","value":2,"weight":10},{"active":true,"hard":true,"name":"max_consecutive_working_weekends","reason":"Assignment limit","value":8,"weight":10},{"active":true,"hard":true,"name":"min_consecutive_working_weekends","reason":"Assignment limit","value":1,"weight":10},{"active":true,"description":"Avoid back-to-back late then day shift","enabled":true,"hard":false,"id":"late-day","label":"Late → Day","name":"late_followed_day","pattern":["L","D"],"reason":"Avoid back-to-back late then day shift","weight":14},{"active":true,"description":"Avoid irregular day-early-day sequence","enabled":true,"hard":false,"id":"day-early-day","label":"Day → Early → Day","name":"day_followed_early_followed_day","pattern":["D","E","D"],"reason":"Avoid irregular day-early-day sequence","weight":12},{"active":true,"description":"Avoid short turnaround between late and early shift","enabled":true,"hard":false,"id":"late-early","label":"Late → Early","name":"late_followed_early","pattern":["L","E"],"reason":"Avoid short turnaround between late and early shift","weight":28},{"active":true,"description":"Avoid a night shift immediately after a late shift","enabled":true,"hard":false,"id":"late-night","label":"Late → Night","name":"late_followed_night","pattern":["L","N"],"reason":"Avoid a night shift immediately after a late shift","weight":28},{"active":true,"description":"Avoid switching from day to night shift","enabled":true,"hard":false,"id":"day-night","label":"Day → Night","name":"day_followed_night","pattern":["D","N"],"reason":"Avoid switching from day to night shift","weight":22},{"active":true,"description":"Avoid switching from night to day shift","enabled":true,"hard":false,"id":"night-day","label":"Night → Day","name":"night_followed_day","pattern":["N","D"],"reason":"Avoid switching from night to day shift","weight":35},{"active":true,"description":"Avoid switching from night to early shift","enabled":true,"hard":false,"id":"night-early","label":"Night → Early","name":"night_followed_early","pattern":["N","E"],"reason":"Avoid switching from night to early shift","weight":35}],"DYN-0002":[{"active":true,"hard":true,"name":"complete_weekends","reason":"Standard scheduling rule","weight":10},{"active":true,"hard":true,"name":"no_free_day_before_working_weekend","reason":"Standard scheduling rule","weight":10},{"active":true,"hard":true,"name":"no_night_shift_before_free_weekend","reason":"Standard scheduling rule","weight":10},{"active":true,"hard":true,"name":"identical_shift_types_during_weekend","reason":"Standard scheduling rule","weight":10},{"active":true,"hard":true,"name":"max_num_assignments","reason":"Assignment limit","value":22,"weight":10},{"active":true,"hard":true,"name":"min_num_assignments","reason":"Assignment limit","value":18,"weight":10},{"active":true,"hard":true,"name":"max_consecutive_free_days","reason":"Assignment limit","value":5,"weight":10},{"active":true,"hard":true,"name":"min_consecutive_free_days","reason":"Assignment limit","value":2,"weight":10},{"active":true,"hard":true,"name":"max_consecutive_working_days","reason":"Assignment limit","value":5,"weight":10},{"active":true,"hard":true,"name":"min_consecutive_working_days","reason":"Assignment limit","value":3,"weight":10},{"active":true,"hard":true,"name":"max_consecutive_working_weekends","reason":"Assignment limit","value":5,"weight":10},{"active":true,"hard":true,"name":"min_consecutive_working_weekends","reason":"Assignment limit","value":2,"weight":10},{"active":true,"description":"Avoid back-to-back late then day shift","enabled":true,"hard":false,"id":"late-day","label":"Late → Day","name":"late_followed_day","pattern":["L","D"],"reason":"Avoid back-to-back late then day shift","weight":14},{"active":true,"description":"Avoid irregular day-early-day sequence","enabled":true,"hard":false,"id":"day-early-day","label":"Day → Early → Day","name":"day_followed_early_followed_day","pattern":["D","E","D"],"reason":"Avoid irregular day-early-day sequence","weight":12},{"active":true,"description":"Avoid short turnaround between late and early shift","enabled":true,"hard":false,"id":"late-early","label":"Late → Early","name":"late_followed_early","pattern":["L","E"],"reason":"Avoid short turnaround between late and early shift","weight":28},{"active":true,"description":"Avoid a night shift immediately after a late shift","enabled":true,"hard":false,"id":"late-night","label":"Late → Night","name":"late_followed_night","pattern":["L","N"],"reason":"Avoid a night shift immediately after a late shift","weight":28},{"active":true,"description":"Avoid switching from day to night shift","enabled":true,"hard":false,"id":"day-night","label":"Day → Night","name":"day_followed_night","pattern":["D","N"],"reason":"Avoid switching from day to night shift","weight":22},{"active":true,"description":"Avoid switching from night to day shift","enabled":true,"hard":false,"id":"night-day","label":"Night → Day","name":"night_followed_day","pattern":["N","D"],"reason":"Avoid switching from night to day shift","weight":35},{"active":true,"description":"Avoid switching from night to early shift","enabled":true,"hard":false,"id":"night-early","label":"Night → Early","name":"night_followed_early","pattern":["N","E"],"reason":"Avoid switching from night to early shift","weight":35}],"STA-0001":null},"employee_profiles":{"STAFF-0300":{"contract":"DYN-0001","pools":["OR-NUR-0001","SCRUB-NUR-0001"],"roles_distribution":{"Operating Room Nurse":0.7,"Scrub Nurse":0.3}},"STAFF-0301":{"contract":"DYN-0001","pools":["OR-NUR-0001","SCRUB-NUR-0001"],"roles_distribution":{"Operating Room Nurse":0.7,"Scrub Nurse":0.3}},"STAFF-0302":{"contract":"DYN-0001","pools":["OR-NUR-0001","SCRUB-NUR-0001"],"roles_distribution":{"Operating Room Nurse":0.7,"Scrub Nurse":0.3}},"STAFF-0303":{"contract":"DYN-0001","pools":["OR-NUR-0001","SCRUB-NUR-0001"],"roles_distribution":{"Operating Room Nurse":0.7,"Scrub Nurse":0.3}},"STAFF-0304":{"contract":"DYN-0001","pools":["OR-NUR-0001","SCRUB-NUR-0001"],"roles_distribution":{"Operating Room Nurse":0.7,"Scrub Nurse":0.3}},"STAFF-0305":{"contract":"DYN-0001","pools":["OR-NUR-0001","SCRUB-NUR-0001"],"roles_distribution":{"Operating Room Nurse":0.7,"Scrub Nurse":0.3}},"STAFF-0306":{"contract":"DYN-0001","pools":["OR-NUR-0001","SCRUB-NUR-0001"],"roles_distribution":{"Operating Room Nurse":0.7,"Scrub Nurse":0.3}},"STAFF-0307":{"contract":"DYN-0001","pools":["OR-NUR-0001","SCRUB-NUR-0001"],"roles_distribution":{"Operating Room Nurse":0.7,"Scrub Nurse":0.3}},"STAFF-0308":{"contract":"DYN-0001","pools":["OR-NUR-0001","SCRUB-NUR-0001"],"roles_distribution":{"Operating Room Nurse":0.7,"Scrub Nurse":0.3}},"STAFF-0309":{"contract":"DYN-0001","pools":["OR-NUR-0001","SCRUB-NUR-0001"],"roles_distribution":{"Operating Room Nurse":0.7,"Scrub Nurse":0.3}},"STAFF-0310":{"contract":"DYN-0001","pools":["OR-NUR-0001","SCRUB-NUR-0001"],"roles_distribution":{"Operating Room Nurse":0.7,"Scrub Nurse":0.3}},"STAFF-0311":{"contract":"DYN-0001","pools":["OR-NUR-0001","SCRUB-NUR-0001"],"roles_distribution":{"Operating Room Nurse":0.7,"Scrub Nurse":0.3}},"STAFF-0312":{"contract":"DYN-0001","pools":["OR-NUR-0001","SCRUB-NUR-0001"],"roles_distribution":{"Operating Room Nurse":0.7,"Scrub Nurse":0.3}},"STAFF-NA-0001":{"contract":"DYN-0001","pools":["OR-NUR-0001"],"roles_distribution":{"OR Nurse":1}},"STAFF-NB-0002":{"contract":"DYN-0001","pools":["OR-NUR-0001"],"roles_distribution":{"OR Nurse":1}}},"horizon":4,"pool_role_map":{"OR-NUR-0001":"OR Nurse","SCRUB-NUR-0001":"Scrub Nurse"},"preferred_schedules":{},"previous_schedules":{},"shift_requirements":{"OR-NUR-0001":{"D":{"friday":3,"monday":3,"saturday":1,"sunday":1,"thursday":3,"tuesday":2,"wednesday":2},"E":{"friday":2,"monday":2,"saturday":1,"sunday":1,"thursday":3,"tuesday":2,"wednesday":2},"L":{"friday":1,"monday":1,"saturday":1,"sunday":1,"thursday":1,"tuesday":1,"wednesday":3}},"SCRUB-NUR-0001":{"D":{"friday":2,"monday":2,"saturday":1,"sunday":1,"thursday":2,"tuesday":2,"wednesday":2},"E":{"friday":2,"monday":2,"saturday":1,"sunday":1,"thursday":2,"tuesday":2,"wednesday":2},"L":{"friday":1,"monday":1,"saturday":1,"sunday":1,"thursday":1,"tuesday":1,"wednesday":1}}},"start_date":"2026-09-27","weighted_constraints":{"assigned_schedules_non_working":25,"assigned_schedules_working":20,"complete_weekends":15,"day_followed_early_followed_day":12,"day_followed_night":22,"identical_shift_types_during_weekend":8,"late_followed_day":14,"late_followed_early":28,"late_followed_night":28,"max_consecutive_free_days":5,"max_consecutive_working_days":25,"max_consecutive_working_weekends":12,"max_num_assignments":12,"min_consecutive_free_days":10,"min_consecutive_working_days":5,"min_consecutive_working_weekends":3,"min_num_assignments":10,"night_followed_day":35,"night_followed_early":35,"no_free_day_before_working_weekend":14,"no_night_shift_before_free_weekend":14,"pool_shift_code":100,"preference_schedules_static_assignments":10,"preferred_schedules_non_working":20,"preferred_schedules_working":15}},{"assigned_schedules":{"STAFF-0001":{"2026-09-27":{"pool":null,"shift":"O"},"2026-09-28":{"pool":"SEN-NUR-0001","shift":"D"},"2026-09-29":{"pool":"SEN-NUR-0001","shift":"D"},"2026-09-30":{"pool":"SEN-NUR-0001","shift":"D"}},"STAFF-0002":{"2026-09-27":{"pool":null,"shift":"O"},"2026-09-28":{"pool":"CHR-NUR-0001","shift":"D"},"2026-09-29":{"pool":"SEN-NUR-0001","shift":"D"},"2026-09-30":{"pool":"CHR-NUR-0001","shift":"D"}},"STAFF-0003":{"2026-09-27":{"pool":"CHR-NUR-0001","shift":"E"},"2026-09-28":{"pool":"CHR-NUR-0001","shift":"D"},"2026-09-29":{"pool":"CHR-NUR-0001","shift":"D"},"2026-09-30":{"pool":null,"shift":"O"}},"STAFF-0004":{"2026-09-27":{"pool":"CHR-NUR-0001","shift":"L"},"2026-09-28":{"pool":"CHR-NUR-0001","shift":"L"},"2026-09-29":{"pool":"CHR-NUR-0001","shift":"L"},"2026-09-30":{"pool":"CHR-NUR-0001","shift":"L"}},"STAFF-0005":{"2026-09-27":{"pool":null,"shift":"O"},"2026-09-28":{"pool":"SEN-NUR-0001","shift":"D"},"2026-09-29":{"pool":"SEN-NUR-0001","shift":"D"},"2026-09-30":{"pool":"CHR-NUR-0001","shift":"E"}},"STAFF-0006":{"2026-09-27":{"pool":null,"shift":"O"},"2026-09-28":{"pool":"CHR-NUR-0001","shift":"E"},"2026-09-29":{"pool":"CHR-NUR-0001","shift":"E"},"2026-09-30":{"pool":"SEN-NUR-0001","shift":"D"}},"STAFF-0007":{"2026-09-27":{"pool":"CHR-NUR-0001","shift":"N"},"2026-09-28":{"pool":null,"shift":"O"},"2026-09-29":{"pool":"CHR-NUR-0001","shift":"E"},"2026-09-30":{"pool":"CHR-NUR-0001","shift":"D"}},"STAFF-0008":{"2026-09-27":{"pool":null,"shift":"O"},"2026-09-28":{"pool":"CHR-NUR-0001","shift":"N"},"2026-09-29":{"pool":"CHR-NUR-0001","shift":"N"},"2026-09-30":{"pool":"CHR-NUR-0001","shift":"N"}},"STAFF-0009":{"2026-09-27":{"pool":"CHR-NUR-0001","shift":"D"},"2026-09-28":{"pool":"CHR-NUR-0001","shift":"L"},"2026-09-29":{"pool":"CHR-NUR-0001","shift":"L"},"2026-09-30":{"pool":null,"shift":"O"}},"STAFF-0010":{"2026-09-27":{"pool":null,"shift":"O"},"2026-09-28":{"pool":"CHR-NUR-0001","shift":"E"},"2026-09-29":{"pool":"CHR-NUR-0001","shift":"D"},"2026-09-30":{"pool":"CHR-NUR-0001","shift":"E"}}},"contracts":{"DYN-0001":[{"active":true,"hard":true,"name":"complete_weekends","reason":"Standard scheduling rule","weight":10},{"active":true,"hard":true,"name":"no_free_day_before_working_weekend","reason":"Standard scheduling rule","weight":10},{"active":true,"hard":true,"name":"no_night_shift_before_free_weekend","reason":"Standard scheduling rule","weight":10},{"active":true,"hard":true,"name":"identical_shift_types_during_weekend","reason":"Standard scheduling rule","weight":10},{"active":true,"hard":true,"name":"max_num_assignments","reason":"Assignment limit","value":22,"weight":10},{"active":true,"hard":true,"name":"min_num_assignments","reason":"Assignment limit","value":18,"weight":10},{"active":true,"hard":true,"name":"max_consecutive_free_days","reason":"Assignment limit","value":4,"weight":10},{"active":true,"hard":true,"name":"min_consecutive_free_days","reason":"Assignment limit","value":1,"weight":10},{"active":true,"hard":true,"name":"max_consecutive_working_days","reason":"Assignment limit","value":5,"weight":10},{"active":true,"hard":true,"name":"min_consecutive_working_days","reason":"Assignment limit","value":2,"weight":10},{"active":true,"hard":true,"name":"max_consecutive_working_weekends","reason":"Assignment limit","value":8,"weight":10},{"active":true,"hard":true,"name":"min_consecutive_working_weekends","reason":"Assignment limit","value":1,"weight":10},{"active":true,"description":"Avoid back-to-back late then day shift","enabled":true,"hard":false,"id":"late-day","label":"Late → Day","name":"late_followed_day","pattern":["L","D"],"reason":"Avoid back-to-back late then day shift","weight":14},{"active":true,"description":"Avoid irregular day-early-day sequence","enabled":true,"hard":false,"id":"day-early-day","label":"Day → Early → Day","name":"day_followed_early_followed_day","pattern":["D","E","D"],"reason":"Avoid irregular day-early-day sequence","weight":12},{"active":true,"description":"Avoid short turnaround between late and early shift","enabled":true,"hard":false,"id":"late-early","label":"Late → Early","name":"late_followed_early","pattern":["L","E"],"reason":"Avoid short turnaround between late and early shift","weight":28},{"active":true,"description":"Avoid a night shift immediately after a late shift","enabled":true,"hard":false,"id":"late-night","label":"Late → Night","name":"late_followed_night","pattern":["L","N"],"reason":"Avoid a night shift immediately after a late shift","weight":28},{"active":true,"description":"Avoid switching from day to night shift","enabled":true,"hard":false,"id":"day-night","label":"Day → Night","name":"day_followed_night","pattern":["D","N"],"reason":"Avoid switching from day to night shift","weight":22},{"active":true,"description":"Avoid switching from night to day shift","enabled":true,"hard":false,"id":"night-day","label":"Night → Day","name":"night_followed_day","pattern":["N","D"],"reason":"Avoid switching from night to day shift","weight":35},{"active":true,"description":"Avoid switching from night to early shift","enabled":true,"hard":false,"id":"night-early","label":"Night → Early","name":"night_followed_early","pattern":["N","E"],"reason":"Avoid switching from night to early shift","weight":35}],"DYN-0002":[{"active":true,"hard":true,"name":"complete_weekends","reason":"Standard scheduling rule","weight":10},{"active":true,"hard":true,"name":"no_free_day_before_working_weekend","reason":"Standard scheduling rule","weight":10},{"active":true,"hard":true,"name":"no_night_shift_before_free_weekend","reason":"Standard scheduling rule","weight":10},{"active":true,"hard":true,"name":"identical_shift_types_during_weekend","reason":"Standard scheduling rule","weight":10},{"active":true,"hard":true,"name":"max_num_assignments","reason":"Assignment limit","value":22,"weight":10},{"active":true,"hard":true,"name":"min_num_assignments","reason":"Assignment limit","value":18,"weight":10},{"active":true,"hard":true,"name":"max_consecutive_free_days","reason":"Assignment limit","value":5,"weight":10},{"active":true,"hard":true,"name":"min_consecutive_free_days","reason":"Assignment limit","value":2,"weight":10},{"active":true,"hard":true,"name":"max_consecutive_working_days","reason":"Assignment limit","value":5,"weight":10},{"active":true,"hard":true,"name":"min_consecutive_working_days","reason":"Assignment limit","value":3,"weight":10},{"active":true,"hard":true,"name":"max_consecutive_working_weekends","reason":"Assignment limit","value":5,"weight":10},{"active":true,"hard":true,"name":"min_consecutive_working_weekends","reason":"Assignment limit","value":2,"weight":10},{"active":true,"description":"Avoid back-to-back late then day shift","enabled":true,"hard":false,"id":"late-day","label":"Late → Day","name":"late_followed_day","pattern":["L","D"],"reason":"Avoid back-to-back late then day shift","weight":14},{"active":true,"description":"Avoid irregular day-early-day sequence","enabled":true,"hard":false,"id":"day-early-day","label":"Day → Early → Day","name":"day_followed_early_followed_day","pattern":["D","E","D"],"reason":"Avoid irregular day-early-day sequence","weight":12},{"active":true,"description":"Avoid short turnaround between late and early shift","enabled":true,"hard":false,"id":"late-early","label":"Late → Early","name":"late_followed_early","pattern":["L","E"],"reason":"Avoid short turnaround between late and early shift","weight":28},{"active":true,"description":"Avoid a night shift immediately after a late shift","enabled":true,"hard":false,"id":"late-night","label":"Late → Night","name":"late_followed_night","pattern":["L","N"],"reason":"Avoid a night shift immediately after a late shift","weight":28},{"active":true,"description":"Avoid switching from day to night shift","enabled":true,"hard":false,"id":"day-night","label":"Day → Night","name":"day_followed_night","pattern":["D","N"],"reason":"Avoid switching from day to night shift","weight":22},{"active":true,"description":"Avoid switching from night to day shift","enabled":true,"hard":false,"id":"night-day","label":"Night → Day","name":"night_followed_day","pattern":["N","D"],"reason":"Avoid switching from night to day shift","weight":35},{"active":true,"description":"Avoid switching from night to early shift","enabled":true,"hard":false,"id":"night-early","label":"Night → Early","name":"night_followed_early","pattern":["N","E"],"reason":"Avoid switching from night to early shift","weight":35}],"STA-0001":null},"employee_profiles":{"STAFF-0001":{"contract":"DYN-0001","pools":["SEN-NUR-0001"],"roles_distribution":{"Charge Nurse":0.25,"Senior Staff Nurse":0.75}},"STAFF-0002":{"contract":"DYN-0001","pools":["SEN-NUR-0001","CHR-NUR-0001"],"roles_distribution":{"Charge Nurse":0.25,"Senior Staff Nurse":0.75}},"STAFF-0003":{"contract":"DYN-0001","pools":["SEN-NUR-0001","CHR-NUR-0001"],"roles_distribution":{"Charge Nurse":0.25,"Senior Staff Nurse":0.75}},"STAFF-0004":{"contract":"DYN-0001","pools":["SEN-NUR-0001","CHR-NUR-0001"],"roles_distribution":{"Charge Nurse":0.25,"Senior Staff Nurse":0.75}},"STAFF-0005":{"contract":"DYN-0001","pools":["SEN-NUR-0001","CHR-NUR-0001"],"roles_distribution":{"Charge Nurse":0.25,"Senior Staff Nurse":0.75}},"STAFF-0006":{"contract":"DYN-0001","pools":["SEN-NUR-0001","CHR-NUR-0001"],"roles_distribution":{"Charge Nurse":0.5,"Senior Staff Nurse":0.5}},"STAFF-0007":{"contract":"DYN-0001","pools":["SEN-NUR-0001","CHR-NUR-0001"],"roles_distribution":{"Charge Nurse":0.5,"Senior Staff Nurse":0.5}},"STAFF-0008":{"contract":"DYN-0001","pools":["SEN-NUR-0001","CHR-NUR-0001"],"roles_distribution":{"Charge Nurse":0.75,"Senior Staff Nurse":0.25}},"STAFF-0009":{"contract":"DYN-0001","pools":["SEN-NUR-0001","CHR-NUR-0001"],"roles_distribution":{"Charge Nurse":0.75,"Senior Staff Nurse":0.25}},"STAFF-0010":{"contract":"DYN-0001","pools":["SEN-NUR-0001","CHR-NUR-0001"],"roles_distribution":{"Charge Nurse":0.75,"Senior Staff Nurse":0.25}}},"horizon":4,"pool_role_map":{"CHR-NUR-0001":"Charge Nurse","SEN-NUR-0001":"Senior Staff Nurse"},"preferred_schedules":{},"previous_schedules":{},"shift_requirements":{},"start_date":"2026-09-27","weighted_constraints":{"assigned_schedules_non_working":25,"assigned_schedules_working":20,"complete_weekends":15,"day_followed_early_followed_day":12,"day_followed_night":22,"identical_shift_types_during_weekend":8,"late_followed_day":14,"late_followed_early":28,"late_followed_night":28,"max_consecutive_free_days":5,"max_consecutive_working_days":25,"max_consecutive_working_weekends":12,"max_num_assignments":12,"min_consecutive_free_days":10,"min_consecutive_working_days":5,"min_consecutive_working_weekends":3,"min_num_assignments":10,"night_followed_day":35,"night_followed_early":35,"no_free_day_before_working_weekend":14,"no_night_shift_before_free_weekend":14,"pool_shift_code":100,"preference_schedules_static_assignments":10,"preferred_schedules_non_working":20,"preferred_schedules_working":15}},{"assigned_schedules":{},"contracts":{"DYN-0001":[{"active":true,"hard":true,"name":"complete_weekends","reason":"Standard scheduling rule","weight":10},{"active":true,"hard":true,"name":"no_free_day_before_working_weekend","reason":"Standard scheduling rule","weight":10},{"active":true,"hard":true,"name":"no_night_shift_before_free_weekend","reason":"Standard scheduling rule","weight":10},{"active":true,"hard":true,"name":"identical_shift_types_during_weekend","reason":"Standard scheduling rule","weight":10},{"active":true,"hard":true,"name":"max_num_assignments","reason":"Assignment limit","value":22,"weight":10},{"active":true,"hard":true,"name":"min_num_assignments","reason":"Assignment limit","value":18,"weight":10},{"active":true,"hard":true,"name":"max_consecutive_free_days","reason":"Assignment limit","value":4,"weight":10},{"active":true,"hard":true,"name":"min_consecutive_free_days","reason":"Assignment limit","value":1,"weight":10},{"active":true,"hard":true,"name":"max_consecutive_working_days","reason":"Assignment limit","value":5,"weight":10},{"active":true,"hard":true,"name":"min_consecutive_working_days","reason":"Assignment limit","value":2,"weight":10},{"active":true,"hard":true,"name":"max_consecutive_working_weekends","reason":"Assignment limit","value":8,"weight":10},{"active":true,"hard":true,"name":"min_consecutive_working_weekends","reason":"Assignment limit","value":1,"weight":10},{"active":true,"description":"Avoid back-to-back late then day shift","enabled":true,"hard":false,"id":"late-day","label":"Late → Day","name":"late_followed_day","pattern":["L","D"],"reason":"Avoid back-to-back late then day shift","weight":14},{"active":true,"description":"Avoid irregular day-early-day sequence","enabled":true,"hard":false,"id":"day-early-day","label":"Day → Early → Day","name":"day_followed_early_followed_day","pattern":["D","E","D"],"reason":"Avoid irregular day-early-day sequence","weight":12},{"active":true,"description":"Avoid short turnaround between late and early shift","enabled":true,"hard":false,"id":"late-early","label":"Late → Early","name":"late_followed_early","pattern":["L","E"],"reason":"Avoid short turnaround between late and early shift","weight":28},{"active":true,"description":"Avoid a night shift immediately after a late shift","enabled":true,"hard":false,"id":"late-night","label":"Late → Night","name":"late_followed_night","pattern":["L","N"],"reason":"Avoid a night shift immediately after a late shift","weight":28},{"active":true,"description":"Avoid switching from day to night shift","enabled":true,"hard":false,"id":"day-night","label":"Day → Night","name":"day_followed_night","pattern":["D","N"],"reason":"Avoid switching from day to night shift","weight":22},{"active":true,"description":"Avoid switching from night to day shift","enabled":true,"hard":false,"id":"night-day","label":"Night → Day","name":"night_followed_day","pattern":["N","D"],"reason":"Avoid switching from night to day shift","weight":35},{"active":true,"description":"Avoid switching from night to early shift","enabled":true,"hard":false,"id":"night-early","label":"Night → Early","name":"night_followed_early","pattern":["N","E"],"reason":"Avoid switching from night to early shift","weight":35}],"DYN-0002":[{"active":true,"hard":true,"name":"complete_weekends","reason":"Standard scheduling rule","weight":10},{"active":true,"hard":true,"name":"no_free_day_before_working_weekend","reason":"Standard scheduling rule","weight":10},{"active":true,"hard":true,"name":"no_night_shift_before_free_weekend","reason":"Standard scheduling rule","weight":10},{"active":true,"hard":true,"name":"identical_shift_types_during_weekend","reason":"Standard scheduling rule","weight":10},{"active":true,"hard":true,"name":"max_num_assignments","reason":"Assignment limit","value":22,"weight":10},{"active":true,"hard":true,"name":"min_num_assignments","reason":"Assignment limit","value":18,"weight":10},{"active":true,"hard":true,"name":"max_consecutive_free_days","reason":"Assignment limit","value":5,"weight":10},{"active":true,"hard":true,"name":"min_consecutive_free_days","reason":"Assignment limit","value":2,"weight":10},{"active":true,"hard":true,"name":"max_consecutive_working_days","reason":"Assignment limit","value":5,"weight":10},{"active":true,"hard":true,"name":"min_consecutive_working_days","reason":"Assignment limit","value":3,"weight":10},{"active":true,"hard":true,"name":"max_consecutive_working_weekends","reason":"Assignment limit","value":5,"weight":10},{"active":true,"hard":true,"name":"min_consecutive_working_weekends","reason":"Assignment limit","value":2,"weight":10},{"active":true,"description":"Avoid back-to-back late then day shift","enabled":true,"hard":false,"id":"late-day","label":"Late → Day","name":"late_followed_day","pattern":["L","D"],"reason":"Avoid back-to-back late then day shift","weight":14},{"active":true,"description":"Avoid irregular day-early-day sequence","enabled":true,"hard":false,"id":"day-early-day","label":"Day → Early → Day","name":"day_followed_early_followed_day","pattern":["D","E","D"],"reason":"Avoid irregular day-early-day sequence","weight":12},{"active":true,"description":"Avoid short turnaround between late and early shift","enabled":true,"hard":false,"id":"late-early","label":"Late → Early","name":"late_followed_early","pattern":["L","E"],"reason":"Avoid short turnaround between late and early shift","weight":28},{"active":true,"description":"Avoid a night shift immediately after a late shift","enabled":true,"hard":false,"id":"late-night","label":"Late → Night","name":"late_followed_night","pattern":["L","N"],"reason":"Avoid a night shift immediately after a late shift","weight":28},{"active":true,"description":"Avoid switching from day to night shift","enabled":true,"hard":false,"id":"day-night","label":"Day → Night","name":"day_followed_night","pattern":["D","N"],"reason":"Avoid switching from day to night shift","weight":22},{"active":true,"description":"Avoid switching from night to day shift","enabled":true,"hard":false,"id":"night-day","label":"Night → Day","name":"night_followed_day","pattern":["N","D"],"reason":"Avoid switching from night to day shift","weight":35},{"active":true,"description":"Avoid switching from night to early shift","enabled":true,"hard":false,"id":"night-early","label":"Night → Early","name":"night_followed_early","pattern":["N","E"],"reason":"Avoid switching from night to early shift","weight":35}],"STA-0001":null},"employee_profiles":{"STAFF-0100":{"contract":"DYN-0001","pools":["ANES-POOL-0001","ANES-POOL-0002"],"roles_distribution":{"Anesthesiologist":0.2,"Senior Anesthesiologist":0.8}},"STAFF-0101":{"contract":"DYN-0001","pools":["ANES-POOL-0001","ANES-POOL-0002"],"roles_distribution":{"Anesthesiologist":0.2,"Senior Anesthesiologist":0.8}},"STAFF-0102":{"contract":"DYN-0001","pools":["ANES-POOL-0001","ANES-POOL-0002"],"roles_distribution":{"Anesthesiologist":0.2,"Senior Anesthesiologist":0.8}},"STAFF-0103":{"contract":"DYN-0001","pools":["ANES-POOL-0001","ANES-POOL-0002"],"roles_distribution":{"Anesthesiologist":0.2,"Senior Anesthesiologist":0.8}},"STAFF-0104":{"contract":"DYN-0001","pools":["ANES-POOL-0001","ANES-POOL-0002"],"roles_distribution":{"Anesthesiologist":0.2,"Senior Anesthesiologist":0.8}},"STAFF-0105":{"contract":"DYN-0001","pools":["ANES-POOL-0001","ANES-POOL-0002"],"roles_distribution":{"Anesthesiologist":0.2,"Senior Anesthesiologist":0.8}},"STAFF-0106":{"contract":"DYN-0001","pools":["ANES-POOL-0001","ANES-POOL-0002"],"roles_distribution":{"Anesthesiologist":0.2,"Senior Anesthesiologist":0.8}},"STAFF-0107":{"contract":"DYN-0001","pools":["ANES-POOL-0001","ANES-POOL-0002"],"roles_distribution":{"Anesthesiologist":0.2,"Senior Anesthesiologist":0.8}},"STAFF-0108":{"contract":"DYN-0001","pools":["ANES-POOL-0001","ANES-POOL-0002"],"roles_distribution":{"Anesthesiologist":0.2,"Senior Anesthesiologist":0.8}}},"horizon":4,"pool_role_map":{"ANES-POOL-0001":"Anesthesiologist","ANES-POOL-0002":"Senior Anesthesiologist"},"preferred_schedules":{},"previous_schedules":{},"shift_requirements":{"ANES-POOL-0001":{"D":{"friday":2,"monday":2,"saturday":1,"sunday":1,"thursday":2,"tuesday":2,"wednesday":2},"E":{"friday":2,"monday":2,"saturday":1,"sunday":1,"thursday":2,"tuesday":2,"wednesday":2},"L":{"friday":1,"monday":1,"saturday":1,"sunday":1,"thursday":1,"tuesday":1,"wednesday":1}},"ANES-POOL-0002":{"D":{"friday":2,"monday":2,"saturday":0,"sunday":0,"thursday":2,"tuesday":2,"wednesday":2},"E":{"friday":1,"monday":1,"saturday":0,"sunday":0,"thursday":1,"tuesday":1,"wednesday":1}}},"start_date":"2026-09-27","weighted_constraints":{"assigned_schedules_non_working":25,"assigned_schedules_working":20,"complete_weekends":15,"day_followed_early_followed_day":12,"day_followed_night":22,"identical_shift_types_during_weekend":8,"late_followed_day":14,"late_followed_early":28,"late_followed_night":28,"max_consecutive_free_days":5,"max_consecutive_working_days":25,"max_consecutive_working_weekends":12,"max_num_assignments":12,"min_consecutive_free_days":10,"min_consecutive_working_days":5,"min_consecutive_working_weekends":3,"min_num_assignments":10,"night_followed_day":35,"night_followed_early":35,"no_free_day_before_working_weekend":14,"no_night_shift_before_free_weekend":14,"pool_shift_code":100,"preference_schedules_static_assignments":10,"preferred_schedules_non_working":20,"preferred_schedules_working":15}}],"timestamp":"2026-09-27T11:20:46.902Z"}
{"level":"info","message":"Created roster process 56b4db45-1d14-44eb-9022-61f403633aea","timestamp":"2026-09-27T11:20:46.903Z"}
{"level":"info","message":"WebSocket Connected (56b4db45-1d14-44eb-9022-61f403633aea)","timestamp":"2026-09-27T11:20:46.906Z"}
{"level":"info","message":"Sending 1/3","timestamp":"2026-09-27T11:20:46.906Z"}
{"item":{"assigned_schedules":{"STAFF-NA-0001":{"2026-09-27":{"pool":null,"shift":"O"},"2026-09-28":{"pool":"OR-NUR-0001","shift":"E"},"2026-09-29":{"pool":"OR-NUR-0001","shift":"N"},"2026-09-30":{"pool":"OR-NUR-0001","shift":"N"}},"STAFF-NB-0002":{"2026-09-27":{"pool":"OR-NUR-0001","shift":"D"},"2026-09-28":{"pool":null,"shift":"O"},"2026-09-29":{"pool":"OR-NUR-0001","shift":"E"},"2026-09-30":{"pool":"OR-NUR-0001","shift":"D"}}},"contracts":{"DYN-0001":[{"active":true,"hard":true,"name":"complete_weekends","reason":"Standard scheduling rule","weight":10},{"active":true,"hard":true,"name":"no_free_day_before_working_weekend","reason":"Standard scheduling rule","weight":10},{"active":true,"hard":true,"name":"no_night_shift_before_free_weekend","reason":"Standard scheduling rule","weight":10},{"active":true,"hard":true,"name":"identical_shift_types_during_weekend","reason":"Standard scheduling rule","weight":10},{"active":true,"hard":true,"name":"max_num_assignments","reason":"Assignment limit","value":22,"weight":10},{"active":true,"hard":true,"name":"min_num_assignments","reason":"Assignment limit","value":18,"weight":10},{"active":true,"hard":true,"name":"max_consecutive_free_days","reason":"Assignment limit","value":4,"weight":10},{"active":true,"hard":true,"name":"min_consecutive_free_days","reason":"Assignment limit","value":1,"weight":10},{"active":true,"hard":true,"name":"max_consecutive_working_days","reason":"Assignment limit","value":5,"weight":10},{"active":true,"hard":true,"name":"min_consecutive_working_days","reason":"Assignment limit","value":2,"weight":10},{"active":true,"hard":true,"name":"max_consecutive_working_weekends","reason":"Assignment limit","value":8,"weight":10},{"active":true,"hard":true,"name":"min_consecutive_working_weekends","reason":"Assignment limit","value":1,"weight":10},{"active":true,"description":"Avoid back-to-back late then day shift","enabled":true,"hard":false,"id":"late-day","label":"Late → Day","name":"late_followed_day","pattern":["L","D"],"reason":"Avoid back-to-back late then day shift","weight":14},{"active":true,"description":"Avoid irregular day-early-day sequence","enabled":true,"hard":false,"id":"day-early-day","label":"Day → Early → Day","name":"day_followed_early_followed_day","pattern":["D","E","D"],"reason":"Avoid irregular day-early-day sequence","weight":12},{"active":true,"description":"Avoid short turnaround between late and early shift","enabled":true,"hard":false,"id":"late-early","label":"Late → Early","name":"late_followed_early","pattern":["L","E"],"reason":"Avoid short turnaround between late and early shift","weight":28},{"active":true,"description":"Avoid a night shift immediately after a late shift","enabled":true,"hard":false,"id":"late-night","label":"Late → Night","name":"late_followed_night","pattern":["L","N"],"reason":"Avoid a night shift immediately after a late shift","weight":28},{"active":true,"description":"Avoid switching from day to night shift","enabled":true,"hard":false,"id":"day-night","label":"Day → Night","name":"day_followed_night","pattern":["D","N"],"reason":"Avoid switching from day to night shift","weight":22},{"active":true,"description":"Avoid switching from night to day shift","enabled":true,"hard":false,"id":"night-day","label":"Night → Day","name":"night_followed_day","pattern":["N","D"],"reason":"Avoid switching from night to day shift","weight":35},{"active":true,"description":"Avoid switching from night to early shift","enabled":true,"hard":false,"id":"night-early","label":"Night → Early","name":"night_followed_early","pattern":["N","E"],"reason":"Avoid switching from night to early shift","weight":35}],"DYN-0002":[{"active":true,"hard":true,"name":"complete_weekends","reason":"Standard scheduling rule","weight":10},{"active":true,"hard":true,"name":"no_free_day_before_working_weekend","reason":"Standard scheduling rule","weight":10},{"active":true,"hard":true,"name":"no_night_shift_before_free_weekend","reason":"Standard scheduling rule","weight":10},{"active":true,"hard":true,"name":"identical_shift_types_during_weekend","reason":"Standard scheduling rule","weight":10},{"active":true,"hard":true,"name":"max_num_assignments","reason":"Assignment limit","value":22,"weight":10},{"active":true,"hard":true,"name":"min_num_assignments","reason":"Assignment limit","value":18,"weight":10},{"active":true,"hard":true,"name":"max_consecutive_free_days","reason":"Assignment limit","value":5,"weight":10},{"active":true,"hard":true,"name":"min_consecutive_free_days","reason":"Assignment limit","value":2,"weight":10},{"active":true,"hard":true,"name":"max_consecutive_working_days","reason":"Assignment limit","value":5,"weight":10},{"active":true,"hard":true,"name":"min_consecutive_working_days","reason":"Assignment limit","value":3,"weight":10},{"active":true,"hard":true,"name":"max_consecutive_working_weekends","reason":"Assignment limit","value":5,"weight":10},{"active":true,"hard":true,"name":"min_consecutive_working_weekends","reason":"Assignment limit","value":2,"weight":10},{"active":true,"description":"Avoid back-to-back late then day shift","enabled":true,"hard":false,"id":"late-day","label":"Late → Day","name":"late_followed_day","pattern":["L","D"],"reason":"Avoid back-to-back late then day shift","weight":14},{"active":true,"description":"Avoid irregular day-early-day sequence","enabled":true,"hard":false,"id":"day-early-day","label":"Day → Early → Day","name":"day_followed_early_followed_day","pattern":["D","E","D"],"reason":"Avoid irregular day-early-day sequence","weight":12},{"active":true,"description":"Avoid short turnaround between late and early shift","enabled":true,"hard":false,"id":"late-early","label":"Late → Early","name":"late_followed_early","pattern":["L","E"],"reason":"Avoid short turnaround between late and early shift","weight":28},{"active":true,"description":"Avoid a night shift immediately after a late shift","enabled":true,"hard":false,"id":"late-night","label":"Late → Night","name":"late_followed_night","pattern":["L","N"],"reason":"Avoid a night shift immediately after a late shift","weight":28},{"active":true,"description":"Avoid switching from day to night shift","enabled":true,"hard":false,"id":"day-night","label":"Day → Night","name":"day_followed_night","pattern":["D","N"],"reason":"Avoid switching from day to night shift","weight":22},{"active":true,"description":"Avoid switching from night to day shift","enabled":true,"hard":false,"id":"night-day","label":"Night → Day","name":"night_followed_day","pattern":["N","D"],"reason":"Avoid switching from night to day shift","weight":35},{"active":true,"description":"Avoid switching from night to early shift","enabled":true,"hard":false,"id":"night-early","label":"Night → Early","name":"night_followed_early","pattern":["N","E"],"reason":"Avoid switching from night to early shift","weight":35}],"STA-0001":null},"employee_profiles":{"STAFF-0300":{"contract":"DYN-0001","pools":["OR-NUR-0001","SCRUB-NUR-0001"],"roles_distribution":{"Operating Room Nurse":0.7,"Scrub Nurse":0.3}},"STAFF-0301":{"contract":"DYN-0001","pools":["OR-NUR-0001","SCRUB-NUR-0001"],"roles_distribution":{"Operating Room Nurse":0.7,"Scrub Nurse":0.3}},"STAFF-0302":{"contract":"DYN-0001","pools":["OR-NUR-0001","SCRUB-NUR-0001"],"roles_distribution":{"Operating Room Nurse":0.7,"Scrub Nurse":0.3}},"STAFF-0303":{"contract":"DYN-0001","pools":["OR-NUR-0001","SCRUB-NUR-0001"],"roles_distribution":{"Operating Room Nurse":0.7,"Scrub Nurse":0.3}},"STAFF-0304":{"contract":"DYN-0001","pools":["OR-NUR-0001","SCRUB-NUR-0001"],"roles_distribution":{"Operating Room Nurse":0.7,"Scrub Nurse":0.3}},"STAFF-0305":{"contract":"DYN-0001","pools":["OR-NUR-0001","SCRUB-NUR-0001"],"roles_distribution":{"Operating Room Nurse":0.7,"Scrub Nurse":0.3}},"STAFF-0306":{"contract":"DYN-0001","pools":["OR-NUR-0001","SCRUB-NUR-0001"],"roles_distribution":{"Operating Room Nurse":0.7,"Scrub Nurse":0.3}},"STAFF-0307":{"contract":"DYN-0001","pools":["OR-NUR-0001","SCRUB-NUR-0001"],"roles_distribution":{"Operating Room Nurse":0.7,"Scrub Nurse":0.3}},"STAFF-0308":{"contract":"DYN-0001","pools":["OR-NUR-0001","SCRUB-NUR-0001"],"roles_distribution":{"Operating Room Nurse":0.7,"Scrub Nurse":0.3}},"STAFF-0309":{"contract":"DYN-0001","pools":["OR-NUR-0001","SCRUB-NUR-0001"],"roles_distribution":{"Operating Room Nurse":0.7,"Scrub Nurse":0.3}},"STAFF-0310":{"contract":"DYN-0001","pools":["OR-NUR-0001","SCRUB-NUR-0001"],"roles_distribution":{"Operating Room Nurse":0.7,"Scrub Nurse":0.3}},"STAFF-0311":{"contract":"DYN-0001","pools":["OR-NUR-0001","SCRUB-NUR-0001"],"roles_distribution":{"Operating Room Nurse":0.7,"Scrub Nurse":0.3}},"STAFF-0312":{"contract":"DYN-0001","pools":["OR-NUR-0001","SCRUB-NUR-0001"],"roles_distribution":{"Operating Room Nurse":0.7,"Scrub Nurse":0.3}},"STAFF-NA-0001":{"contract":"DYN-0001","pools":["OR-NUR-0001"],"roles_distribution":{"OR Nurse":1}},"STAFF-NB-0002":{"contract":"DYN-0001","pools":["OR-NUR-0001"],"roles_distribution":{"OR Nurse":1}}},"horizon":4,"pool_role_map":{"OR-NUR-0001":"OR Nurse","SCRUB-NUR-0001":"Scrub Nurse"},"preferred_schedules":{},"previous_schedules":{},"shift_requirements":{"OR-NUR-0001":{"D":{"friday":3,"monday":3,"saturday":1,"sunday":1,"thursday":3,"tuesday":2,"wednesday":2},"E":{"friday":2,"monday":2,"saturday":1,"sunday":1,"thursday":3,"tuesday":2,"wednesday":2},"L":{"friday":1,"monday":1,"saturday":1,"sunday":1,"thursday":1,"tuesday":1,"wednesday":3}},"SCRUB-NUR-0001":{"D":{"friday":2,"monday":2,"saturday":1,"sunday":1,"thursday":2,"tuesday":2,"wednesday":2},"E":{"friday":2,"monday":2,"saturday":1,"sunday":1,"thursday":2,"tuesday":2,"wednesday":2},"L":{"friday":1,"monday":1,"saturday":1,"sunday":1,"thursday":1,"tuesday":1,"wednesday":1}}},"start_date":"2026-09-27","weighted_constraints":{"assigned_schedules_non_working":25,"assigned_schedules_working":20,"complete_weekends":15,"day_followed_early_followed_day":12,"day_followed_night":22,"identical_shift_types_during_weekend":8,"late_followed_day":14,"late_followed_early":28,"late_followed_night":28,"max_consecutive_free_days":5,"max_consecutive_working_days":25,"max_consecutive_working_weekends":12,"max_num_assignments":12,"min_consecutive_free_days":10,"min_consecutive_working_days":5,"min_consecutive_working_weekends":3,"min_num_assignments":10,"night_followed_day":35,"night_followed_early":35,"no_free_day_before_working_weekend":14,"no_night_shift_before_free_weekend":14,"pool_shift_code":100,"preference_schedules_static_assignments":10,"preferred_schedules_non_working":20,"preferred_schedules_working":15}},"level":"debug","message":"Schedule Payload","timestamp":"2026-09-27T11:20:46.906Z"}
{"level":"debug","message":"Parsed WebSocket Response","processId":"56b4db45-1d14-44eb-9022-61f403633aea","status":"error","timestamp":"2026-09-27T11:20:46.953Z"}
{"level":"error","message":"Solver returned error","processId":"56b4db45-1d14-44eb-9022-61f403633aea","response":{"message":"'OR-NUR-0001_N'","status":"error"},"timestamp":"2026-09-27T11:20:46.954Z"}
{"level":"error","timestamp":"2026-09-27T11:20:46.954Z"}
{"level":"info","message":"Rostering run for organization 1 finished (success=false) — resetting counter","timestamp":"2026-09-27T11:20:46.954Z"}
{"level":"info","message":"WebSocket Closed (56b4db45-1d14-44eb-9022-61f403633aea)","timestamp":"2026-09-27T11:20:46.958Z"}
{"level":"info","message":"Transitioned 1 surgery/surgeries ESTIMATED → PLANNING","timestamp":"2026-09-27T11:20:47.145Z"}
{"level":"info","message":"Phase 2: planning for 1 department(s) with eligible surgeries","timestamp":"2026-09-27T11:20:47.145Z"}
{"level":"info","message":"Planning: department \"Surgery\" — 1 surgery/surgeries → single endpoint","timestamp":"2026-09-27T11:20:47.145Z"}
{"level":"debug","message":"WebSocket open","timestamp":"2026-09-27T11:20:47.147Z","url":"ws://solver:8000/planning/single"}
{"level":"info","message":"Planning completed for \"Surgery\": 1 scheduled, 0 dropped","timestamp":"2026-09-27T11:21:37.187Z"}
{"level":"info","message":"Surgery \"SURG-MAR-0001\" PLANNING → PLANNED, planned_start = 2026-09-28 08:00:00","timestamp":"2026-09-27T11:21:37.200Z"}
{"level":"info","message":"Planning run for organization 1 finished (success=true) — resetting counter","timestamp":"2026-09-27T11:21:37.200Z"}
Applying Prisma migrations...
Prisma schema loaded from prisma/schema.prisma
Datasource "db": PostgreSQL database "hospital_scheduling", schema "public" at "postgres:5432"

Error: P1001: Can't reach database server at `postgres:5432`

Please make sure your database server is running at `postgres:5432`.
Applying Prisma migrations...
Prisma schema loaded from prisma/schema.prisma
Datasource "db": PostgreSQL database "hospital_scheduling", schema "public" at "postgres:5432"

Error: P1001: Can't reach database server at `postgres:5432`

Please make sure your database server is running at `postgres:5432`.
